{
    "namespace": "chest",
  "chest_label": {
    "$new_container_title|default": "$container_title",
    "text": "$new_container_title"
  },
    //panels
     "filter_panel": {
        "type": "panel",
        "controls": [
          { "container_gamepad_helpers@common.container_gamepad_helpers": {} },
          {
            "flying_item_renderer@common.flying_item_renderer": {
              "layer": 14
            }
          },
          { "selected_item_details_factory@common.selected_item_details_factory": {} },
          { "item_lock_notification_factory@common.item_lock_notification_factory": {} },
          {
            "root_panel@common.root_panel": {
              "layer": 1,
              "size": [202,256],
              "controls": [
                {"bg":{
                  "type": "image",
                  "texture": "textures/ui/filter_bg"
                }},
                {
            "screen@common.close_button": {
             "offset": [ 90, 0],
               "anchor_from": "top_middle",
              "anchor_to": "top_middle"
                }},
                {
                  "chest_panel": {
                    "type": "panel",
                    "layer": 5,
                    "offset": [0, 0],
                    "controls": [
                      { "panel_top_half@filter.filter_panel_top_half": {} },
                      { "inventory_panel_bottom_half@common.inventory_panel_bottom_half": {
                        "offset": [ 0, -3]
                      } },
                      { "hotbar_grid@common.hotbar_grid_template": {
                        "offset": [ 0, -7]
                      } },
                      { "inventory_take_progress_icon_button@common.inventory_take_progress_icon_button": {} }
                    ]
                  }
                },
                { "inventory_selected_icon_button@common.inventory_selected_icon_button": {} },
                { "gamepad_cursor@common.gamepad_cursor_button": {} }
              ]
            }
          }
        ]
      },
      "module_station_panel": {
        "type": "panel",
        "controls": [
          { "container_gamepad_helpers@common.container_gamepad_helpers": {} },
          {
            "flying_item_renderer@common.flying_item_renderer": {
              "layer": 14
            }
          },
          { "selected_item_details_factory@common.selected_item_details_factory": {} },
          { "item_lock_notification_factory@common.item_lock_notification_factory": {} },
          {
            "root_panel@common.root_panel": {
              "layer": 1,
              "size": [176,198],
              "controls": [
                {"bg":{
                  "type": "image",
                  "texture": "textures/ui/module_station_bg"
                }},
                {
            "screen@common.close_button": {
             "offset": [ 78, 0],
               "anchor_from": "top_middle",
              "anchor_to": "top_middle"
                }},
                {
                  "chest_panel": {
                    "type": "panel",
                    "layer": 5,
                    "offset": [0, 0],
                    "controls": [
                      { "panel_top_half@module_station.module_station_panel_top_half": {} },
                      { "inventory_panel_bottom_half@common.inventory_panel_bottom_half": {
                        "offset": [ 0, -3]
                      } },
                      { "hotbar_grid@common.hotbar_grid_template": {
                        "offset": [ 0, -7]
                      } },
                      { "inventory_take_progress_icon_button@common.inventory_take_progress_icon_button": {} }
                    ]
                  }
                },
                { "inventory_selected_icon_button@common.inventory_selected_icon_button": {} },
                { "gamepad_cursor@common.gamepad_cursor_button": {} }
              ]
            }
          }
        ]
      },
      //screen 
      "small_chest_screen": {
        "$new_container_title|default": "$container_title",
        "modifications": [
          {
              "array_name": "variables",
              "operation": "insert_back",
              "value": {
                  "requires": "($new_container_title = 'vatonage.module_station')",
                  "$screen_content": "chest.module_station_panel",
                  "$screen_bg_content": "common.screen_background"
              }
          },
          {
            "array_name": "variables",
              "operation": "insert_back",
              "value": {
               "requires": "($new_container_title = 'vatonage.module_station' and $pocket_screen)",
               "$screen_content": "chest.module_station_panel",
               "$screen_bg_content": "common.screen_background"
            }
          },
          {
              "array_name": "variables",
              "operation": "insert_back",
              "value": {
                  "requires": "($new_container_title = 'vatonage.filter')",
                  "$screen_content": "chest.filter_panel",
                  "$screen_bg_content": "common.screen_background"
              }
          },
          {
            "array_name": "variables",
              "operation": "insert_back",
              "value": {
               "requires": "($new_container_title = 'vatonage.filter' and $pocket_screen)",
               "$screen_content": "chest.filter_panel",
               "$screen_bg_content": "common.screen_background"
            }
          }
    ]
  }
}