{
	"format_version": "1.12",
	"minecraft:recipe_shaped": {
		"description": {
			"identifier": "vatonage:graphene_factory"
		},
		"tags": [
			"crafting_table"
		],
		"pattern": [
			" A ",
			"DCD",
			"BDB"
		],
		"key": {
			"A": {
				"item": "minecraft:gold_block"
			},
			"B": {
				"item": "vatonage:pipe_item"
			},
			"C": {
				"item": "vatonage:advanced_circuit_board"
			},
			"D": {
				"item": "minecraft:iron_block"
			}
		},
		"result": {
			"item": "vatonage:graphene_factory"
		}
	}
}