{
	"format_version": "1.12",
	"minecraft:recipe_shaped": {
		"description": {
			"identifier": "vatonage:nitrogen_extractor"
		},
		"tags": [
			"crafting_table"
		],
		"pattern": [
			"BAB",
			"CDC",
			"BAB"
		],
		"key": {
			"A": {
				"item": "vatonage:plastic_bunch"
			},
			"B": {
				"item": "minecraft:gold_ingot"
			},
			"C": {
				"item": "vatonage:pipe_item"
			},
			"D": {
				"item": "minecraft:flint_and_steel"
			}
		},
		"result": {
			"item": "vatonage:nitrogen_extractor"
		}
	}
}