{
  "format_version": "1.10.0",
  "minecraft:attachable": {
    "description": {
      "identifier": "vatonage:modular_tool_sword",
      "materials": {
        "default": "entity_alphatest",
        "enchanted": "entity_alphatest_glint"
      },
      "textures": {
        "default": "textures/entity/modular_tool",
        "enchanted": "textures/misc/enchanted_item_glint"
      },
      "geometry": {
        "default": "geometry.modular_tool_sword"
      },
      "animations": {
        "wield_first_person": "animation.modular_tool_sword.first",
        "wield_third_person": "animation.modular_tool_sword.third"
      },
      "scripts": {
        "animate": [
          {
            "wield_first_person": "c.is_first_person"
          },
          {
            "wield_third_person": "!c.is_first_person"
          }
        ]
      },
      "render_controllers": [ "controller.render.item_default" ]
    }
  }
}
