{"format_version":"1.10.0","minecraft:attachable":{"description":{"identifier":"vatonage_basic:tutorial_book9","materials":{"default":"entity"},"textures":{"default":"textures/vatonage/basic/book/page_9"},"geometry":{"default":"geometry.vatonage_basic.tutorial_book"},"animations":{"first_person_hold":"animation.vatonage_basic.tutorial_book.first_person_hold","third_person_hold":"animation.vatonage_basic.tutorial_book.third_person_hold"},"scripts":{"animate":[{"first_person_hold":"c.is_first_person"},{"third_person_hold":"!c.is_first_person"}]},"render_controllers":["controller.render.default"]}}}