{
	"format_version": "1.12.0",
	"minecraft:geometry": [
		{
			"description": {
				"identifier": "geometry.hi_tech_costume",
				"texture_width": 128,
				"texture_height": 128,
				"visible_bounds_width": 6,
				"visible_bounds_height": 5,
				"visible_bounds_offset": [0, 1.5, 0]
			},
			"bones": [
				{
					"name": "root",
					"pivot": [0, 0, 0]
				},
				{
					"name": "waist",
					"parent": "root",
					"pivot": [0, 12, 0]
				},
				{
					"name": "body",
					"parent": "waist",
					"pivot": [0, 24, 0],
					"cubes": [
						{"origin": [-4, 12, -2], "size": [8, 12, 4], "uv": [88, 112]},
						{"origin": [-4.5, 11.6, -2.5], "size": [9, 13, 5], "uv": [57, 0]},
						{"origin": [-4, 12.25, -2], "size": [8, 12, 4], "inflate": 0.25, "uv": [72, 29]}
					]
				},
				{
					"name": "head",
					"parent": "body",
					"pivot": [0, 24, 0],
					"cubes": [
						{"origin": [-4, 24, -4], "size": [8, 8, 8], "uv": [72, 96]},
						{"origin": [-4.5, 29, -4.5], "size": [9, 4, 9], "inflate": 0.25, "uv": [0, 25]},
						{"origin": [-6.5, 29.5, -2.5], "size": [2, 1, 5], "inflate": 0.3, "uv": [27, 0]},
						{"origin": [-6.5, 28.25, -2.5], "size": [2, 1, 5], "inflate": 0.2, "uv": [41, 0]},
						{"origin": [-6.5, 26.75, -2.5], "size": [2, 1, 5], "inflate": 0.3, "uv": [27, 25]},
						{"origin": [-6.5, 25.75, -2.5], "size": [2, 1, 5], "inflate": 0.1, "uv": [31, 12]},
						{"origin": [4.5, 29.5, -2.5], "size": [2, 1, 5], "inflate": 0.3, "uv": [27, 0], "mirror": true},
						{"origin": [4.5, 28.25, -2.5], "size": [2, 1, 5], "inflate": 0.2, "uv": [41, 0], "mirror": true},
						{"origin": [4.5, 25.75, -2.5], "size": [2, 1, 5], "inflate": 0.1, "uv": [31, 12], "mirror": true},
						{"origin": [4.5, 26.75, -2.5], "size": [2, 1, 5], "inflate": 0.3, "uv": [27, 25], "mirror": true},
						{"origin": [-4.5, 23, -4.5], "size": [9, 3, 9], "inflate": 0.25, "uv": [0, 1]},
						{"origin": [-4.5, 26, -4.5], "size": [9, 3, 9], "uv": [2, 13]},
						{"origin": [-4.5, 26, -4.5], "size": [9, 3, 9], "inflate": 0.2, "uv": [36, 24]},
						{"origin": [-2, 31, -5.5], "size": [4, 3, 11], "inflate": 0.2, "uv": [38, 10]}
					]
				},
				{
					"name": "hat",
					"parent": "head",
					"pivot": [0, 24, 0]
				},
				{
					"name": "sk_hd",
					"parent": "hat",
					"pivot": [2.5, 26.5, 4.5]
				},
				{
					"name": "cape",
					"parent": "body",
					"pivot": [0, 24, 3]
				},
				{
					"name": "leftArm",
					"parent": "body",
					"pivot": [5, 22, 0],
					"cubes": [
						{"origin": [4, 12, -2], "size": [4, 12, 4], "uv": [112, 112], "mirror": true}
					]
				},
				{
					"name": "leftSleeve",
					"parent": "leftArm",
					"pivot": [5, 22, 0]
				},
				{
					"name": "leftItem",
					"parent": "leftArm",
					"pivot": [6, 15, 1]
				},
				{
					"name": "plech_left",
					"parent": "leftArm",
					"pivot": [-5, 22, 0],
					"cubes": [
						{"origin": [7, 11, -3], "size": [2, 3, 6], "uv": [78, 20], "mirror": true},
						{"origin": [7, 15, -3], "size": [2, 1, 6], "uv": [96, 0], "mirror": true},
						{"origin": [5, 11, -3], "size": [2, 2, 6], "uv": [112, 19], "mirror": true},
						{"origin": [8, 14, -1], "size": [1, 8, 2], "uv": [72, 18], "mirror": true},
						{"origin": [6, 22, -3], "size": [3, 3, 6], "inflate": 0.1, "uv": [100, 21], "mirror": true},
						{"origin": [4, 12, -2], "size": [4, 12, 4], "uv": [112, 112], "mirror": true},
						{"origin": [4, 12, -2], "size": [4, 12, 4], "inflate": 0.2, "uv": [112, 0], "mirror": true},
						{"origin": [4, 16, -2], "size": [2, 4, 4], "inflate": 0.4, "uv": [88, 11], "mirror": true},
						{"origin": [4, 16.5, -2], "size": [2, 3, 4], "inflate": 0.3, "uv": [88, 19], "mirror": true},
						{"origin": [4, 24, -1], "size": [2, 1, 2], "uv": [88, 8], "mirror": true},
						{"origin": [6, 22, -3], "size": [3, 3, 6], "uv": [100, 11], "mirror": true}
					]
				},
				{
					"name": "bone3",
					"parent": "plech_left",
					"pivot": [8, 19.5, -1],
					"cubes": [
						{"origin": [7, 20, -3], "size": [2, 1, 2], "inflate": 0.1, "uv": [106, 0], "mirror": true},
						{"origin": [7, 19, -3], "size": [2, 1, 2], "uv": [98, 11], "mirror": true},
						{"origin": [7, 18, -3], "size": [2, 1, 2], "inflate": 0.1, "uv": [120, 16], "mirror": true}
					]
				},
				{
					"name": "bone4",
					"parent": "plech_left",
					"pivot": [8, 19.5, 1],
					"rotation": [180, 0, 0],
					"cubes": [
						{"origin": [7, 20, -1], "size": [2, 1, 2], "inflate": 0.1, "uv": [106, 0], "mirror": true},
						{"origin": [7, 19, -1], "size": [2, 1, 2], "uv": [98, 11], "mirror": true},
						{"origin": [7, 18, -1], "size": [2, 1, 2], "inflate": 0.1, "uv": [120, 16], "mirror": true}
					]
				},
				{
					"name": "rightArm",
					"parent": "body",
					"pivot": [-5, 22, 0]
				},
				{
					"name": "rightSleeve",
					"parent": "rightArm",
					"pivot": [-5, 22, 0]
				},
				{
					"name": "rightItem",
					"parent": "rightArm",
					"pivot": [-6, 15, 1],
					"locators": {
						"lead_hold": [-6, 15, 1]
					}
				},
				{
					"name": "swordroot",
					"parent": "rightArm",
					"pivot": [0, 15, 12]
				},
				{
					"name": "cp_body",
					"parent": "swordroot",
					"pivot": [0, 26.5, 12]
				},
				{
					"name": "cp_chest",
					"parent": "cp_body",
					"pivot": [0, 28.75, 12]
				},
				{
					"name": "tail",
					"parent": "cp_chest",
					"pivot": [0, 29, 23]
				},
				{
					"name": "c_head",
					"parent": "cp_body",
					"pivot": [0, 32, 10]
				},
				{
					"name": "plech_right",
					"parent": "rightArm",
					"pivot": [5, 22, 0],
					"cubes": [
						{"origin": [-9, 11, -3], "size": [2, 3, 6], "uv": [78, 20]},
						{"origin": [-9, 15, -3], "size": [2, 1, 6], "uv": [96, 0]},
						{"origin": [-7, 11, -3], "size": [2, 2, 6], "uv": [112, 19]},
						{"origin": [-9, 14, -1], "size": [1, 8, 2], "uv": [72, 18]},
						{"origin": [-9, 22, -3], "size": [3, 3, 6], "inflate": 0.1, "uv": [100, 21]},
						{"origin": [-8, 12, -2], "size": [4, 12, 4], "uv": [112, 112]},
						{"origin": [-8, 12, -2], "size": [4, 12, 4], "inflate": 0.2, "uv": [112, 0]},
						{"origin": [-6, 16, -2], "size": [2, 4, 4], "inflate": 0.4, "uv": [88, 11]},
						{"origin": [-6, 16.5, -2], "size": [2, 3, 4], "inflate": 0.3, "uv": [88, 19]},
						{"origin": [-6, 24, -1], "size": [2, 1, 2], "uv": [88, 8]},
						{"origin": [-9, 22, -3], "size": [3, 3, 6], "uv": [100, 11]}
					]
				},
				{
					"name": "bone",
					"parent": "plech_right",
					"pivot": [-8, 19.5, -1],
					"cubes": [
						{"origin": [-9, 20, -3], "size": [2, 1, 2], "inflate": 0.1, "uv": [106, 0]},
						{"origin": [-9, 19, -3], "size": [2, 1, 2], "uv": [98, 11]},
						{"origin": [-9, 18, -3], "size": [2, 1, 2], "inflate": 0.1, "uv": [120, 16]}
					]
				},
				{
					"name": "bone2",
					"parent": "plech_right",
					"pivot": [-8, 19.5, 1],
					"rotation": [180, 0, 0],
					"cubes": [
						{"origin": [-9, 20, -1], "size": [2, 1, 2], "inflate": 0.1, "uv": [106, 0]},
						{"origin": [-9, 19, -1], "size": [2, 1, 2], "uv": [98, 11]},
						{"origin": [-9, 18, -1], "size": [2, 1, 2], "inflate": 0.1, "uv": [120, 16]}
					]
				},
				{
					"name": "jacket",
					"parent": "body",
					"pivot": [0, 24, 0]
				},
				{
					"name": "bone5",
					"parent": "body",
					"pivot": [0, 24.6, 0.5],
					"rotation": [-17.5, 0, 0],
					"cubes": [
						{"origin": [3.5, 24.6, 0.5], "size": [1, 2, 2], "uv": [50, 0], "mirror": true},
						{"origin": [-4.5, 24.6, 0.5], "size": [1, 2, 2], "uv": [50, 0]},
						{"origin": [-4.5, 21.6, 2.5], "size": [9, 5, 1], "uv": [52, 36]},
						{"origin": [-4.5, 21.6, 2.5], "size": [9, 5, 1], "inflate": -0.1, "uv": [32, 38]}
					]
				},
				{
					"name": "leftLeg",
					"parent": "root",
					"pivot": [1.9, 12, 0]
				},
				{
					"name": "boot_left",
					"parent": "leftLeg",
					"pivot": [2.95833, 4.125, -0.41667],
					"cubes": [
						{"origin": [0, 0.25, -2], "size": [4, 3, 4], "inflate": 0.2, "uv": [78, 45], "mirror": true},
						{"origin": [-0.25, 0, -2.5], "size": [5, 2, 5], "inflate": 0.2, "uv": [11, 46], "mirror": true},
						{"origin": [1.25, 2, -2.5], "size": [2, 7, 0], "uv": [4, 45], "mirror": true},
						{"origin": [4.75, 2, -1], "size": [0, 7, 2], "uv": [0, 43], "mirror": true},
						{"origin": [1.75, 3.5, -2], "size": [3, 4, 4], "inflate": 0.3, "uv": [31, 44], "mirror": true},
						{"origin": [1.75, 3.5, -2], "size": [3, 4, 4], "inflate": 0.22, "uv": [64, 45], "mirror": true}
					]
				},
				{
					"name": "leftPants",
					"parent": "leftLeg",
					"pivot": [1.9, 12, 0],
					"cubes": [
						{"origin": [0, 3.65, -2], "size": [4, 9, 4], "inflate": 0.2, "uv": [48, 42], "mirror": true},
						{"origin": [-0.25, 10, -2.5], "size": [5, 2, 5], "inflate": 0.1, "uv": [0, 38], "mirror": true},
						{"origin": [-0.25, 10, -2.5], "size": [5, 2, 5], "inflate": -0.1, "uv": [96, 30], "mirror": true},
						{"origin": [0.75, 4, -2.5], "size": [3, 3, 1], "inflate": 0.2, "uv": [8, 45], "mirror": true},
						{"origin": [0.75, 4, -2.5], "size": [3, 3, 1], "inflate": 0.25, "uv": [40, 52], "mirror": true},
						{"origin": [0.75, 9, -2.5], "size": [4, 1, 5], "uv": [15, 40], "mirror": true}
					]
				},
				{
					"name": "rightLeg",
					"parent": "root",
					"pivot": [-1.9, 12, 0]
				},
				{
					"name": "rightPants",
					"parent": "rightLeg",
					"pivot": [-1.9, 12, 0],
					"cubes": [
						{"origin": [-4, 3.65, -2], "size": [4, 9, 4], "inflate": 0.2, "uv": [48, 42]},
						{"origin": [-4.75, 10, -2.5], "size": [5, 2, 5], "inflate": 0.1, "uv": [0, 38]},
						{"origin": [-4.75, 10, -2.5], "size": [5, 2, 5], "inflate": -0.1, "uv": [96, 30]},
						{"origin": [-3.75, 4, -2.5], "size": [3, 3, 1], "inflate": 0.2, "uv": [8, 45]},
						{"origin": [-3.75, 4, -2.5], "size": [3, 3, 1], "inflate": 0.25, "uv": [40, 52]},
						{"origin": [-4.75, 9, -2.5], "size": [4, 1, 5], "uv": [15, 40]}
					]
				},
				{
					"name": "boot_right",
					"parent": "rightLeg",
					"pivot": [-2.95833, 4.125, -0.41667],
					"cubes": [
						{"origin": [-4, 0.25, -2], "size": [4, 3, 4], "inflate": 0.2, "uv": [78, 45]},
						{"origin": [-4.75, 0, -2.5], "size": [5, 2, 5], "inflate": 0.2, "uv": [11, 46]},
						{"origin": [-3.25, 2, -2.5], "size": [2, 7, 0], "uv": [4, 45]},
						{"origin": [-4.75, 2, -1], "size": [0, 7, 2], "uv": [0, 43]},
						{"origin": [-4.75, 3.5, -2], "size": [3, 4, 4], "inflate": 0.3, "uv": [31, 44]},
						{"origin": [-4.75, 3.5, -2], "size": [3, 4, 4], "inflate": 0.22, "uv": [64, 45]}
					]
				}
			]
		}
	]
}