{
	"format_version": "1.12.0",
	"minecraft:geometry": [
		{
			"description": {
				"identifier": "geometry.graphene_armor.helmet",
				"texture_width": 128,
				"texture_height": 128,
				"visible_bounds_width": 6,
				"visible_bounds_height": 5,
				"visible_bounds_offset": [0, 1.5, 0]
			},
			"bones": [
				{
					"name": "root",
					"pivot": [0, 0, 0]
				},
				{
					"name": "waist",
					"parent": "root",
					"pivot": [0, 12, 0]
				},
				{
					"name": "body",
					"parent": "waist",
					"pivot": [0, 24, 0]
				},
				{
					"name": "head",
					"parent": "body",
					"pivot": [0, 24, 0],
					"cubes": [
						{"origin": [-4, 24, -4], "size": [8, 8, 8], "uv": [72, 96]},
						{"origin": [-4.5, 29, -4.5], "size": [9, 4, 9], "inflate": 0.25, "uv": [0, 25]},
						{"origin": [-6.5, 29.5, -2.5], "size": [2, 1, 5], "inflate": 0.3, "uv": [27, 0]},
						{"origin": [-6.5, 28.25, -2.5], "size": [2, 1, 5], "inflate": 0.2, "uv": [41, 0]},
						{"origin": [-6.5, 26.75, -2.5], "size": [2, 1, 5], "inflate": 0.3, "uv": [27, 25]},
						{"origin": [-6.5, 25.75, -2.5], "size": [2, 1, 5], "inflate": 0.1, "uv": [31, 12]},
						{"origin": [4.5, 29.5, -2.5], "size": [2, 1, 5], "inflate": 0.3, "uv": [27, 0], "mirror": true},
						{"origin": [4.5, 28.25, -2.5], "size": [2, 1, 5], "inflate": 0.2, "uv": [41, 0], "mirror": true},
						{"origin": [4.5, 25.75, -2.5], "size": [2, 1, 5], "inflate": 0.1, "uv": [31, 12], "mirror": true},
						{"origin": [4.5, 26.75, -2.5], "size": [2, 1, 5], "inflate": 0.3, "uv": [27, 25], "mirror": true},
						{"origin": [-4.5, 23, -4.5], "size": [9, 3, 9], "inflate": 0.25, "uv": [0, 1]},
						{"origin": [-4.5, 26, -4.5], "size": [9, 3, 9], "uv": [2, 13]},
						{"origin": [-4.5, 26, -4.5], "size": [9, 3, 9], "inflate": 0.2, "uv": [36, 24]},
						{"origin": [-2, 31, -5.5], "size": [4, 3, 11], "inflate": 0.2, "uv": [38, 10]}
					]
				},
				{
					"name": "hat",
					"parent": "head",
					"pivot": [0, 24, 0]
				},
				{
					"name": "sk_hd",
					"parent": "hat",
					"pivot": [2.5, 26.5, 4.5]
				},
				{
					"name": "cape",
					"parent": "body",
					"pivot": [0, 24, 3]
				},
				{
					"name": "jacket",
					"parent": "body",
					"pivot": [0, 24, 0]
				},
				{
					"name": "bone5",
					"parent": "body",
					"pivot": [0, 24.6, 0.5],
					"rotation": [-17.5, 0, 0],
					"cubes": [
						{"origin": [3.5, 24.6, 0.5], "size": [1, 2, 2], "uv": [50, 0], "mirror": true},
						{"origin": [-4.5, 24.6, 0.5], "size": [1, 2, 2], "uv": [50, 0]},
						{"origin": [-4.5, 21.6, 2.5], "size": [9, 5, 1], "uv": [52, 36]},
						{"origin": [-4.5, 21.6, 2.5], "size": [9, 5, 1], "inflate": -0.1, "uv": [32, 38]}
					]
				}
			]
		}
	]
}