{
	"format_version": "1.12.0",
	"minecraft:geometry": [
		{
			"description": {
				"identifier": "geometry.graphene_armor.leggings",
				"texture_width": 128,
				"texture_height": 128,
				"visible_bounds_width": 6,
				"visible_bounds_height": 5,
				"visible_bounds_offset": [0, 1.5, 0]
			},
			"bones": [
				{
					"name": "root",
					"pivot": [0, 0, 0]
				},
				{
					"name": "leftLeg",
					"parent": "root",
					"pivot": [1.9, 12, 0]
				},
				{
					"name": "leftPants",
					"parent": "leftLeg",
					"pivot": [1.9, 12, 0],
					"cubes": [
						{"origin": [0, 3.65, -2], "size": [4, 9, 4], "inflate": 0.2, "uv": [48, 42], "mirror": true},
						{"origin": [-0.25, 10, -2.5], "size": [5, 2, 5], "inflate": 0.1, "uv": [0, 38], "mirror": true},
						{"origin": [-0.25, 10, -2.5], "size": [5, 2, 5], "inflate": -0.1, "uv": [96, 30], "mirror": true},
						{"origin": [0.75, 4, -2.5], "size": [3, 3, 1], "inflate": 0.2, "uv": [8, 45], "mirror": true},
						{"origin": [0.75, 4, -2.5], "size": [3, 3, 1], "inflate": 0.25, "uv": [40, 52], "mirror": true},
						{"origin": [0.75, 9, -2.5], "size": [4, 1, 5], "uv": [15, 40], "mirror": true}
					]
				},
				{
					"name": "rightLeg",
					"parent": "root",
					"pivot": [-1.9, 12, 0]
				},
				{
					"name": "rightPants",
					"parent": "rightLeg",
					"pivot": [-1.9, 12, 0],
					"cubes": [
						{"origin": [-4, 3.65, -2], "size": [4, 9, 4], "inflate": 0.2, "uv": [48, 42]},
						{"origin": [-4.75, 10, -2.5], "size": [5, 2, 5], "inflate": 0.1, "uv": [0, 38]},
						{"origin": [-4.75, 10, -2.5], "size": [5, 2, 5], "inflate": -0.1, "uv": [96, 30]},
						{"origin": [-3.75, 4, -2.5], "size": [3, 3, 1], "inflate": 0.2, "uv": [8, 45]},
						{"origin": [-3.75, 4, -2.5], "size": [3, 3, 1], "inflate": 0.25, "uv": [40, 52]},
						{"origin": [-4.75, 9, -2.5], "size": [4, 1, 5], "uv": [15, 40]}
					]
				}
			]
		}
	]
}