{
	"format_version": "1.12.0",
	"minecraft:geometry": [
		{
			"description": {
				"identifier": "geometry.midnight_armor.leggings",
				"texture_width": 128,
				"texture_height": 128,
				"visible_bounds_width": 6,
				"visible_bounds_height": 5,
				"visible_bounds_offset": [0, 1.5, 0]
			},
			"bones": [
				{
					"name": "root",
					"pivot": [0, 0, 0]
				},
				{
					"name": "waist",
					"parent": "root",
					"pivot": [0, 12, 0]
				},
				{
					"name": "leftLeg",
					"parent": "root",
					"pivot": [1.9, 12, 0]
				},
				{
					"name": "leftPants",
					"parent": "leftLeg",
					"pivot": [1.9, 12, 0]
				},
				{
					"name": "p_left",
					"parent": "leftPants",
					"pivot": [-5, 22, 0],
					"cubes": [
						{"origin": [0, 4, -2], "size": [4, 8, 4], "inflate": 0.27, "uv": [36, 3], "mirror": true},
						{"origin": [0, 4, -2], "size": [4, 8, 4], "inflate": 0.35, "uv": [70, 0], "mirror": true},
						{"origin": [1, 5, -2.5], "size": [4, 6, 5], "inflate": 0.1, "uv": [0, 8], "mirror": true},
						{"origin": [1, 5, -2.5], "size": [4, 6, 5], "uv": [52, 0], "mirror": true},
						{"origin": [-0.5, 2.5, -1.5], "size": [5, 10, 3], "inflate": 0.05, "uv": [18, 7], "mirror": true}
					]
				},
				{
					"name": "rightLeg",
					"parent": "root",
					"pivot": [-1.9, 12, 0]
				},
				{
					"name": "rightPants",
					"parent": "rightLeg",
					"pivot": [-1.9, 12, 0]
				},
				{
					"name": "p_right",
					"parent": "rightPants",
					"pivot": [5, 22, 0],
					"cubes": [
						{"origin": [-4, 4, -2], "size": [4, 8, 4], "inflate": 0.27, "uv": [36, 3]},
						{"origin": [-4, 4, -2], "size": [4, 8, 4], "inflate": 0.35, "uv": [70, 0]},
						{"origin": [-5, 5, -2.5], "size": [4, 6, 5], "inflate": 0.1, "uv": [0, 8]},
						{"origin": [-5, 5, -2.5], "size": [4, 6, 5], "uv": [52, 0]},
						{"origin": [-4.5, 2.5, -1.5], "size": [5, 10, 3], "inflate": 0.05, "uv": [18, 7]}
					]
				}
			]
		}
	]
}