{
	"format_version": "1.12.0",
	"minecraft:geometry": [
		{
			"description": {
				"identifier": "geometry.midnight_armor.helmet",
				"texture_width": 128,
				"texture_height": 128,
				"visible_bounds_width": 6,
				"visible_bounds_height": 5,
				"visible_bounds_offset": [0, 1.5, 0]
			},
			"bones": [
				{
					"name": "root",
					"pivot": [0, 0, 0]
				},
				{
					"name": "waist",
					"parent": "root",
					"pivot": [0, 12, 0]
				},
				{
					"name": "body",
					"parent": "waist",
					"pivot": [0, 24, 0]
				},
				{
					"name": "head",
					"parent": "body",
					"pivot": [0, 24, 0],
					"cubes": [
						{"origin": [-4, 27, -4], "size": [8, 5, 8], "inflate": 0.55, "uv": [96, 20]},
						{"origin": [-4, 27, -4], "size": [8, 5, 8], "inflate": 0.6, "uv": [96, 33]},
						{"origin": [-5.5, 27, -1], "size": [11, 6, 1], "uv": [26, 20]},
						{"origin": [-5.5, 26.5, -1], "size": [11, 2, 2], "inflate": 0.1, "uv": [25, 28]},
						{"origin": [-2, 32, -4], "size": [0, 2, 8], "uv": [0, 12]},
						{"origin": [2, 32, -4], "size": [0, 2, 8], "uv": [0, 12], "mirror": true},
						{"origin": [-5.5, 27, 1], "size": [11, 6, 0], "uv": [0, 23]}
					]
				},
				{
					"name": "hat",
					"parent": "head",
					"pivot": [0, 24, 0]
				},
				{
					"name": "sk_hd",
					"parent": "hat",
					"pivot": [2.5, 26.5, 4.5]
				},
				{
					"name": "mask",
					"parent": "head",
					"pivot": [5, 22, 0.5],
					"cubes": [
						{"origin": [3.20343, 23.25, -8.56954], "size": [1, 2, 1], "pivot": [0, 25, -4.61612], "rotation": [0, -45, 0], "uv": [78, 23], "mirror": true},
						{"origin": [4.20343, 23.25, -8.56954], "size": [1, 5, 1], "pivot": [0, 25, -4.61612], "rotation": [0, -45, 0], "uv": [77, 27], "mirror": true},
						{"origin": [-4.20343, 23.25, -8.56954], "size": [1, 2, 1], "pivot": [0, 25, -4.61612], "rotation": [0, 45, 0], "uv": [78, 23]},
						{"origin": [-5.20343, 23.25, -8.56954], "size": [1, 5, 1], "pivot": [0, 25, -4.61612], "rotation": [0, 45, 0], "uv": [77, 27]},
						{"origin": [-1.5, 28, -7], "size": [0, 2, 1], "uv": [100, 20]},
						{"origin": [1.5, 28, -7], "size": [0, 2, 1], "uv": [100, 20], "mirror": true},
						{"origin": [-1.5, 23, -7], "size": [0, 2, 1], "uv": [100, 20]},
						{"origin": [1.5, 23, -7], "size": [0, 2, 1], "uv": [100, 20], "mirror": true},
						{"origin": [-2, 32, -6], "size": [1, 2, 0], "pivot": [0, 32, -6], "rotation": [-25, 0, 0], "uv": [100, 24]},
						{"origin": [1, 32, -6], "size": [1, 2, 0], "pivot": [0, 32, -6], "rotation": [-25, 0, 0], "uv": [100, 24], "mirror": true},
						{"origin": [-2, 23, -6], "size": [1, 9, 1], "uv": [72, 23]},
						{"origin": [1, 23, -6], "size": [1, 9, 1], "uv": [72, 23], "mirror": true}
					]
				},
				{
					"name": "bone3",
					"parent": "mask",
					"pivot": [-6.82843, 29, -2.67157],
					"cubes": [
						{"origin": [-5.45343, 31, -8.1731], "size": [3, 1, 0], "pivot": [0, 31.5, -4.96967], "rotation": [-7.05323, 44.78238, -4.98107], "uv": [89, 18]},
						{"origin": [-4, 31, -5.5], "size": [8, 1, 0], "pivot": [0, 31.5, -4.96967], "rotation": [-5, 0, 0], "uv": [82, 16]},
						{"origin": [2.45343, 31, -8.1731], "size": [3, 1, 0], "pivot": [0, 31.5, -4.96967], "rotation": [-7.05323, -44.78238, 4.98107], "uv": [89, 18], "mirror": true},
						{"origin": [2.82843, 29.5, -2.67157], "size": [3, 1, 0], "pivot": [6.82843, 28, -2.67157], "rotation": [0, -45, 0], "uv": [82, 18], "mirror": true},
						{"origin": [-4, 29.5, -5.5], "size": [8, 1, 0], "uv": [82, 16]},
						{"origin": [-5.82843, 29.5, -2.67157], "size": [3, 1, 0], "pivot": [-6.82843, 28, -2.67157], "rotation": [0, 45, 0], "uv": [82, 18]},
						{"origin": [-5.82843, 27, -2.67157], "size": [3, 2, 0], "pivot": [-6.82843, 28.5, -2.67157], "rotation": [0, 45, 0], "uv": [82, 27]},
						{"origin": [-4, 27, -5.5], "size": [8, 2, 0], "uv": [83, 20]},
						{"origin": [2.82843, 27, -2.67157], "size": [3, 2, 0], "pivot": [6.82843, 28.5, -2.67157], "rotation": [0, -45, 0], "uv": [82, 27], "mirror": true},
						{"origin": [2.45343, 23.25, -8.1731], "size": [3, 3, 0], "pivot": [0, 24.75, -4.96967], "rotation": [7.05323, -44.78238, -4.98107], "uv": [89, 27], "mirror": true},
						{"origin": [-4, 23.25, -5.5], "size": [8, 3, 0], "pivot": [0, 24.75, -4.96967], "rotation": [5, 0, 0], "uv": [83, 23]},
						{"origin": [-5.45343, 23.25, -8.1731], "size": [3, 3, 0], "pivot": [0, 24.75, -4.96967], "rotation": [7.05323, 44.78238, 4.98107], "uv": [89, 27]}
					]
				},
				{
					"name": "bone4",
					"parent": "mask",
					"pivot": [-6.82843, 28.5, -2.42157],
					"cubes": [
						{"origin": [-4.82843, 30.25, -2.42157], "size": [2, 1, 0], "pivot": [-6.82843, 26.75, -2.42157], "rotation": [0, 45, 0], "uv": [53, 26]},
						{"origin": [-4, 30.25, -5.25], "size": [8, 1, 0], "uv": [53, 24]},
						{"origin": [2.82843, 30.25, -2.42157], "size": [2, 1, 0], "pivot": [6.82843, 26.75, -2.42157], "rotation": [0, -45, 0], "uv": [53, 26], "mirror": true},
						{"origin": [2.82843, 28.75, -2.42157], "size": [2, 1, 0], "pivot": [6.82843, 27.25, -2.42157], "rotation": [0, -45, 0], "uv": [53, 26], "mirror": true},
						{"origin": [-4, 28.75, -5.25], "size": [8, 1, 0], "uv": [53, 24]},
						{"origin": [-4.82843, 28.75, -2.42157], "size": [2, 1, 0], "pivot": [-6.82843, 27.25, -2.42157], "rotation": [0, 45, 0], "uv": [53, 26]},
						{"origin": [-4.82843, 26, -2.42157], "size": [2, 2, 0], "pivot": [-6.82843, 27.5, -2.42157], "rotation": [0, 45, 0], "uv": [53, 35]},
						{"origin": [-4, 26, -5.25], "size": [8, 2, 0], "uv": [54, 28]},
						{"origin": [2.82843, 26, -2.42157], "size": [2, 2, 0], "pivot": [6.82843, 27.5, -2.42157], "rotation": [0, -45, 0], "uv": [53, 35], "mirror": true},
						{"origin": [2.82843, 24, -2.42157], "size": [2, 2, 0], "pivot": [6.82843, 28.5, -2.42157], "rotation": [0, -45, 0], "uv": [60, 35], "mirror": true},
						{"origin": [-4, 24, -5.25], "size": [8, 2, 0], "uv": [54, 31]},
						{"origin": [-4.82843, 24, -2.42157], "size": [2, 2, 0], "pivot": [-6.82843, 28.5, -2.42157], "rotation": [0, 45, 0], "uv": [60, 35]}
					]
				}
			]
		}
	]
}