{
	"format_version": "1.12.0",
	"minecraft:geometry": [
		{
			"description": {
				"identifier": "geometry.modular_shovel",
				"texture_width": 128,
				"texture_height": 128,
				"visible_bounds_width": 3,
				"visible_bounds_height": 5,
				"visible_bounds_offset": [0, 1.5, 0]
			},
			"bones": [
				{
					"name": "rightItem",
					"pivot": [0, 0, 0]
				},
				{
					"name": "Pa",
					"parent": "rightItem",
					"pivot": [0, 0, 0]
				},
				{
					"name": "bone21",
					"parent": "Pa",
					"pivot": [0, 0, 0],
					"cubes": [
						{"origin": [-1, 19, -3], "size": [2, 9, 6], "uv": [0, 54]}
					]
				},
				{
					"name": "bone22",
					"parent": "Pa",
					"pivot": [0, 0, 0],
					"cubes": [
						{"origin": [0, 27, -3], "size": [0, 3, 6], "uv": [0, 12]}
					]
				},
				{
					"name": "Cabo",
					"parent": "rightItem",
					"pivot": [0, 0, 0]
				},
				{
					"name": "bone",
					"parent": "Cabo",
					"pivot": [0, 0, 0],
					"cubes": [
						{"origin": [-1.5, 7, -1.5], "size": [3, 12, 3], "uv": [16, 61]}
					]
				},
				{
					"name": "bone3",
					"parent": "Cabo",
					"pivot": [-2, 18, -2.5],
					"cubes": [
						{"origin": [-1, 17, -3.5], "size": [2, 2, 2], "uv": [20, 0]}
					]
				},
				{
					"name": "bone4",
					"parent": "Cabo",
					"pivot": [2, 18, 2.5],
					"cubes": [
						{"origin": [-1, 17, 1.5], "size": [2, 2, 2], "uv": [20, 4]}
					]
				},
				{
					"name": "bone12",
					"parent": "Cabo",
					"pivot": [0, 0, 0],
					"cubes": [
						{"origin": [-1.5, 20, -1.5], "size": [3, 4, 3], "uv": [51, 66]}
					]
				},
				{
					"name": "Norm",
					"parent": "rightItem",
					"pivot": [0, 0, 0],
					"cubes": [
						{"origin": [-2.5, 0, -2.5], "size": [5, 7, 5], "uv": [23, 49]},
						{"origin": [-2, 1, -2], "size": [4, 5, 4], "uv": [60, 0]},
						{"origin": [0, -2, 2.5], "size": [0, 9, 4], "uv": [0, 17]},
						{"origin": [0, -2, -5.5], "size": [0, 9, 4], "uv": [0, 32]}
					]
				}
			]
		}
	]
}