{
	"format_version": "1.12.0",
	"minecraft:geometry": [
		{
			"description": {
				"identifier": "geometry.nano_sword",
				"texture_width": 32,
				"texture_height": 32,
				"visible_bounds_width": 4,
				"visible_bounds_height": 3.5,
				"visible_bounds_offset": [0, 1.25, 0]
			},
			"bones": [
				{
					"name": "root",
					"pivot": [0, 0, 0]
				},
				{
					"name": "waist",
					"parent": "root",
					"pivot": [0, 12, 0]
				},
				{
					"name": "body",
					"parent": "waist",
					"pivot": [0, 24, 0]
				},
				{
					"name": "head",
					"parent": "body",
					"pivot": [0, 24, 0]
				},
				{
					"name": "hat",
					"parent": "head",
					"pivot": [0, 24, 0]
				},
				{
					"name": "cape",
					"parent": "body",
					"pivot": [0, 24, 3]
				},
				{
					"name": "leftArm",
					"parent": "body",
					"pivot": [5, 22, 0]
				},
				{
					"name": "leftSleeve",
					"parent": "leftArm",
					"pivot": [5, 22, 0]
				},
				{
					"name": "leftItem",
					"parent": "leftArm",
					"pivot": [6, 15, 1]
				},
				{
					"name": "rightArm",
					"parent": "body",
					"pivot": [-5, 22, 0]
				},
				{
					"name": "rightSleeve",
					"parent": "rightArm",
					"pivot": [-5, 22, 0]
				},
				{
					"name": "rightItem",
					"parent": "rightArm",
					"pivot": [-6, 15, 1],
					"locators": {
						"lead_hold": [-6, 15, 1]
					}
				},
				{
					"name": "swordroot",
					"parent": "rightArm",
					"pivot": [-6, 15, 1],
					"cubes": [
						{"origin": [-6.5, 12, -4.6], "size": [1, 2, 9], "uv": [0, 0]},
						{"origin": [-6.5, 12, -5.6], "size": [1, 2, 1], "uv": [4, 0]},
						{"origin": [-6, 10.75, -20.5], "size": [0, 5, 15], "uv": [0, -4]},
						{"origin": [-6.5, 13.5, -18.5], "size": [1, 1, 13], "uv": [4, 18]},
						{"origin": [-6.5, 12.5, -9.5], "size": [1, 1, 2], "uv": [12, 0]},
						{"origin": [-6.5, 12.5, -13.5], "size": [1, 1, 2], "uv": [19, 0]},
						{"origin": [-6.5, 12.5, -17.5], "size": [1, 1, 2], "uv": [26, 0]}
					]
				},
				{
					"name": "bone",
					"parent": "swordroot",
					"pivot": [-6, 14, -4.5],
					"rotation": [-25, 0, 0],
					"cubes": [
						{"origin": [-6.5, 11.18661, -5.63595], "size": [1, 3, 1], "inflate": 0.03, "uv": [0, 2]},
						{"origin": [-6.5, 10.12661, -5.63595], "size": [1, 1, 1], "inflate": 0.03, "uv": [13, 4]}
					]
				},
				{
					"name": "jacket",
					"parent": "body",
					"pivot": [0, 24, 0]
				},
				{
					"name": "leftLeg",
					"parent": "root",
					"pivot": [1.9, 12, 0]
				},
				{
					"name": "leftPants",
					"parent": "leftLeg",
					"pivot": [1.9, 12, 0]
				},
				{
					"name": "rightLeg",
					"parent": "root",
					"pivot": [-1.9, 12, 0]
				},
				{
					"name": "rightPants",
					"parent": "rightLeg",
					"pivot": [-1.9, 12, 0]
				}
			]
		}
	]
}