{
      "format_version": "1.20.60",
      "minecraft:entity": {
            "description": {
                  "identifier": "vatonage:modification_station",
                  "is_spawnable": false,
                  "is_summonable": true,
                  "is_experimental": true
            },
            "components": {
                  "minecraft:type_family": {
                        "family": [
                              "chest",
                              "inanimate",
                              "guhroost"
                        ]
                  },
                  "minecraft:collision_box": {
                        "height": 0,
                        "width": 0
                  },
                  "minecraft:custom_hit_test": {
                        "hitboxes": [
                              {
                                    "width": 1,
                                    "height": 0.2,
                                    "pivot": [
                                          0,
                                          0.2,
                                          0
                                    ]
                              }
                        ]
                  },
                  "minecraft:health": {
                        "value": 1
                  },
                  "minecraft:fire_immune": {},
                  "minecraft:damage_sensor": {
                        "triggers": {
                              "cause": "all",
                              "deals_damage": false
                        }
                  },
                  "minecraft:nameable": {},
                  "minecraft:inventory": {
                        "additional_slots_per_strength": 0,
                        "can_be_siphoned_from": false,
                        "container_type": "inventory",
                        "inventory_size": 7,
                        "private": false,
                        "restrict_to_owner": false
                  }
            }
      }
}