{
  "format_version": "1.20.60",
  "minecraft:entity": {
    "description": {
      "identifier": "vatonage_basic:tutorial_book_punch_dummy",
      "is_spawnable": false,
      "is_summonable": true
    },
    "components": {
      "minecraft:despawn": {
        "despawn_from_distance": {
          "min_distance": 10,
          "max_distance": 20
        },
        "despawn_from_inactivity": false
      },
      "minecraft:breathable": {
        "breathes_water": true
      },
      "minecraft:physics": {
        "has_gravity": false,
        "has_collision": false
      },
      "minecraft:damage_sensor": {
        "triggers": {
          "deals_damage": false
        }
      },
      "minecraft:pushable": {
        "is_pushable": false,
        "is_pushable_by_piston": false
      },
      "minecraft:collision_box": {
        "width": 3,
        "height": 3
      }
    }
  }
}
