{
	"format_version": "1.20.50",
	"minecraft:item": {
		"description": {
			"identifier": "vatonage:hexosteel_chestplate",
			"category": "equipment"
		},
		"components": {
           "minecraft:icon": {
			"texture": "hexosteel_chestplate"
            },
            "minecraft:display_name": {
                "value": "HexoSteel Chestplate"
            },
			"tag:infChestplate":{},
            "minecraft:creative_category": {
                "parent": "itemGroup.name.chestplate"
            },
			"minecraft:max_stack_size": 1,
			"minecraft:enchantable": {
				"value": 15,
				"slot": "armor_torso"
			},
			"minecraft:wearable": {
				"slot": "slot.armor.chest",
				"protection": 16
			},
			"minecraft:durability":{
				"damage_chance": {
					"min": 10,
					"max": 50
				},
				"max_durability": 2000
			},
			"minecraft:allow_off_hand": false
		},
		"events": {
		}
	}
}
