{
	"format_version": "1.20.50",
	"minecraft:item": {
		"description": {
			"identifier": "vatonage:hexosteel_leggings",
			"category": "equipment"
		},
		"components": {
		  "minecraft:knockback_resistance": {
  "protection": 1.0
},
           "minecraft:icon": {
			"texture": "hexosteel_leggings"
            },
            "minecraft:display_name": {
                "value": "HexoSteel Leggings"
            },
            "minecraft:creative_category": {
                "parent": "itemGroup.name.leggings"
            },
            
			"minecraft:max_stack_size": 1,
			"minecraft:enchantable": {
				"value": 15,
				"slot": "armor_legs"
			},
			"minecraft:wearable": {
				"slot": "slot.armor.legs",
				"protection": 12
			},
			"minecraft:durability":{
				"damage_chance": {
					"min": 10,
					"max": 50
				},
				"max_durability": 2000
			},
			"minecraft:allow_off_hand": false
		}
	}
}
