{
	"format_version": "1.20.50",
	"minecraft:item": {
		"description": {
			"identifier": "vatonage:midnight_boots",
			"category": "equipment"
		},
		"components": {
           "minecraft:icon": {
			"texture": "midnight_boots"
            },
            "minecraft:display_name": {
                "value": "Midnight Boots"
            },
            "minecraft:creative_category": {
                "parent": "itemGroup.name.boots"
            },
			"minecraft:max_stack_size": 1,
			"minecraft:enchantable": {
				"value": 15,
				"slot": "armor_feet"
			},
			"minecraft:wearable": {
				"slot": "slot.armor.feet",
				"protection": 6
			},
			"minecraft:durability":{
				"damage_chance": {
					"min": 10,
					"max": 50
				},
				"max_durability": 2000
			},
			"minecraft:allow_off_hand": false
		}
	}
}
