{
	"format_version": "1.10.0",
	"particle_effect": {
		"description": {
			"identifier": "vatonage:eletric_attack",
			"basic_render_parameters": {
				"material": "particles_alpha",
				"texture": "textures/particle/particles"
			}
		},
		"components": {
			"minecraft:emitter_initialization": {
				"creation_expression": "variable.size = 0.03;variable.lifetime = 1;"
			},
			"minecraft:emitter_rate_instant": {
				"num_particles": 50
			},
			"minecraft:emitter_lifetime_expression": {
				"activation_expression": 1
			},
			"minecraft:emitter_shape_disc": {
				"radius": 0.1,
				"direction": "outwards"
			},
			"minecraft:particle_lifetime_expression": {
				"max_lifetime": "variable.particle_random_1*variable.lifetime"
			},
			"minecraft:particle_initial_speed": 10,
			"minecraft:particle_motion_dynamic": {
				"linear_drag_coefficient": 5
			},
			"minecraft:particle_appearance_billboard": {
				"size": [0.1, 0.1],
				"facing_camera_mode": "rotate_xyz",
				"uv": {
					"texture_width": 128,
					"texture_height": 128,
					"uv": [16, 73],
					"uv_size": [8, 8]
				}
			},
			"minecraft:particle_appearance_tinting": {
				"color": [0.76471, 0.93333, 1, 1]
			}
		}
	}
}