{
	"format_version": "1.10.0",
	"particle_effect": {
		"description": {
			"identifier": "vatonage:eletric_particle",
			"basic_render_parameters": {
				"material": "particles_alpha",
				"texture": "textures/particles/faisca"
			}
		},
		"components": {
			"minecraft:emitter_rate_steady": {
				"spawn_rate": 1,
				"max_particles": 20
			},
			"minecraft:emitter_lifetime_once": {
				"active_time": 1.1
			},
			"minecraft:emitter_shape_sphere": {
				"radius": 0.2,
				"direction": "outwards"
			},
			"minecraft:particle_lifetime_expression": {
				"max_lifetime": 0.5
			},
			"minecraft:particle_initial_speed": 1,
			"minecraft:particle_motion_dynamic": {
				"linear_drag_coefficient": 5
			},
			"minecraft:particle_appearance_billboard": {
				"size": [0.3, 0.3],
				"facing_camera_mode": "lookat_xyz",
				"uv": {
					"texture_width": 16,
					"texture_height": 80,
					"flipbook": {
						"base_UV": [0, 0],
						"size_UV": [16, 16],
						"step_UV": [0, 16],
						"frames_per_second": 10,
						"max_frame": 5,
						"loop": true
					}
				}
			},
			"minecraft:particle_motion_collision": {
				"collision_drag": 50,
				"coefficient_of_restitution": 0.1,
				"collision_radius": 0.1
			},
			"minecraft:particle_appearance_lighting": {},
			"minecraft:particle_appearance_tinting": {
				"color": [1, 1, 1, 1]
			}
		}
	}
}