{
	"format_version": "1.10.0",
	"particle_effect": {
		"description": {
			"identifier": "vatonage:reactor_particle",
			"basic_render_parameters": {
				"material": "particles_blend",
				"texture": "textures/particle/campfire_smoke"
			}
		},
		"components": {
			"minecraft:emitter_initialization": {
				"creation_expression": "variable.size = 0.03;variable.lifetime = 2.2;"
			},
			"minecraft:emitter_rate_steady": {
				"spawn_rate": 30,
				"max_particles": 1000
			},
			"minecraft:emitter_lifetime_once": {
				"active_time": 1
			},
			"minecraft:emitter_shape_box": {
				"offset": [0, 0.5, 0],
				"half_dimensions": [1.5, 0, 1.5],
				"surface_only": true,
				"direction": "inwards"
			},
			"minecraft:particle_lifetime_expression": {
				"max_lifetime": 5
			},
			"minecraft:particle_initial_speed": 3,
			"minecraft:particle_motion_dynamic": {
				"linear_acceleration": [0, 10, 0],
				"linear_drag_coefficient": 2
			},
			"minecraft:particle_appearance_billboard": {
				"size": ["(0.3/(variable.particle_age+0.7))", "(0.3/(variable.particle_age+0.7))"],
				"facing_camera_mode": "rotate_xyz",
				"uv": {
					"texture_width": 1,
					"texture_height": 12,
					"uv": [0, "Math.floor(variable.particle_random_2 * 12)"],
					"uv_size": [1, 1]
				}
			},
			"minecraft:particle_appearance_tinting": {
				"color": [0.52941, 0.62353, 0.42353, 0.58824]
			}
		}
	}
}