{
	"format_version": "1.8.0",
	"animations": {
		"animation.ferramenta.picareta": {
			"loop": true,
			"animation_length": 0.79167,
			"bones": {
				"rightItem": {
					"rotation": [20, 0, 250],
					"position": [-2, -5, 0],
					"scale": [1.5, 1.5, 1.3]
				},
				"Espada": {
					"scale": 1
				},
				"Norm": {
					"position": {
						"0.0": [0, 0, 0],
						"0.1667": [0, 0, 0]
					}
				},
				"bone": {
					"scale": 1
				},
				"bone3": {
					"rotation": {
						"0.0": [-45, 0, 0],
						"0.375": [-45, 0, 0]
					},
					"position": {
						"0.0": [-1, 2, 2.5],
						"0.2917": [-1, -1, 2.5],
						"0.375": [-1, 2, 2.5],
						"0.5": [-2, 2, 2.5]
					},
					"scale": {
						"0.0": [1, 1, 1],
						"0.375": [1, 1, 1]
					}
				},
				"bone4": {
					"rotation": {
						"0.0": [45, 0, 0],
						"0.375": [45, 0, 0]
					},
					"position": {
						"0.0": [1, 2, -2.5],
						"0.2917": [1, -1, -2.5],
						"0.375": [1, 2, -2.5],
						"0.5": [2, 2, -2.5]
					},
					"scale": {
						"0.0": [1, 1, 1],
						"0.375": [1, 1, 1]
					}
				},
				"bone6": {
					"rotation": [0, 0, 0],
					"position": [0, 0, 0],
					"scale": {
						"0.0": [1, 1, 1],
						"0.25": [1, 0, 1],
						"0.3333": [1, 0, 0.6]
					}
				},
				"Coronha": {
					"rotation": {
						"0.0": [22.5, 0, 0],
						"0.25": [85, 0, 0]
					},
					"position": {
						"0.0": [0, 1, -1],
						"0.25": [0, 1, -3],
						"0.3333": [0, -1, -7],
						"0.4167": [0, -9, -7]
					},
					"scale": {
						"0.0": [1, 1, 1],
						"0.3333": [1, 1, 1],
						"0.5": [0, 0, 1]
					}
				},
				"Coronha2": {
					"rotation": {
						"0.0": [-22.5, 0, 0],
						"0.25": [-85, 0, 0]
					},
					"position": {
						"0.0": [0, 1, 1],
						"0.25": [0, 1, 3],
						"0.3333": [0, -1, 7],
						"0.4167": [0, -9, 7]
					},
					"scale": {
						"0.0": [1, 1, 1],
						"0.3333": [1, 1, 1],
						"0.5": [0, 0, 1]
					}
				},
				"bone7": {
					"position": [0, 0, 0],
					"scale": {
						"0.0": [1, 1, 1],
						"0.25": [1, 0, 1],
						"0.3333": [1, 0, 0.2]
					}
				},
				"bone5": {
					"position": [0, 1, 0],
					"scale": {
						"0.0": [1, 1, 1],
						"0.25": [1, 0, 1],
						"0.3333": [1, 0, 0.4]
					}
				},
				"bone9": {
					"position": {
						"0.0": [0, 0, 0],
						"0.3333": [0, 0, 0],
						"0.6667": [0, -12, -1],
						"0.7917": [0, 0, 0]
					},
					"scale": {
						"0.0": [0, 1, 0],
						"0.3333": [0, 1, 0],
						"0.6667": [0.4, 1, 1],
						"0.7917": [1, 1, 1]
					}
				},
				"bone10": {
					"position": {
						"0.3333": [0, 0, 0],
						"0.6667": [0, -12, 1],
						"0.7917": [0, 0, 0]
					},
					"scale": {
						"0.0": [0, 1, 0],
						"0.3333": [0, 1, 0],
						"0.6667": [0.4, 1, 1],
						"0.7917": [1, 1, 1]
					}
				},
				"bone13": {
					"rotation": {
						"0.6667": [0, 0, 0],
						"0.7083": [-30, 0, 0],
						"0.7917": [0, 0, 0]
					},
					"position": {
						"0.6667": [0, 0, 0],
						"0.7083": [0, 3, -4],
						"0.7917": [0, 0, 0]
					},
					"scale": {
						"0.6667": [0, 1, 0],
						"0.7083": [0.5, 0.5, 0.5],
						"0.7917": [1, 1, 1]
					}
				},
				"bone14": {
					"rotation": {
						"0.6667": [0, 0, 0],
						"0.7083": [30, 0, 0],
						"0.7917": [0, 0, 0]
					},
					"position": {
						"0.6667": [-1, 0, 0],
						"0.7083": [0, 3, 4],
						"0.7917": [0, 0, 0]
					},
					"scale": {
						"0.6667": [0, 0.2, 0],
						"0.7083": [0.5, 0.5, 0.5],
						"0.7917": [1, 1, 1]
					}
				},
				"bone20": {
					"scale": [0, 0.3, 0]
				},
				"bone17": {
					"scale": [0, 0.4, 0]
				},
				"bone16": {
					"scale": [0, -0.2, 0]
				},
				"bone19": {
					"scale": [0, 0.3, 0]
				},
				"bone21": {
					"scale": [0, 0.2, 0]
				},
				"bone22": {
					"scale": [1, -0.4, 0]
				},
				"bone24": {
					"scale": [0, 0.8, 0]
				},
				"bone25": {
					"scale": [0, 1, 0]
				},
				"bone12": {
					"position": {
						"0.0": [0, 0, 0],
						"0.0417": [0, -19, 0],
						"0.75": [0, -19, 0],
						"0.7917": [0, 0, 0]
					}
				}
			}
		},
		"animation.ferramenta.espada": {
			"loop": true,
			"animation_length": 0.79167,
			"bones": {
				"rightItem": {
					"rotation": [20, 0, 250],
					"position": [-2, -5, 0],
					"scale": [1.5, 1.5, 1.3]
				},
				"Espada": {
					"scale": 1
				},
				"Norm": {
					"position": {
						"0.0": [0, 0, 0],
						"0.1667": [0, 0, 0]
					}
				},
				"bone": {
					"scale": {
						"0.0": [1, 0.2, 1],
						"0.5": [1, 1, 1]
					}
				},
				"bone3": {
					"rotation": {
						"0.0": [0, 0, 0],
						"0.5833": [-45, 0, 0]
					},
					"position": {
						"0.0": [0, 0, 0],
						"0.5417": [2.07, -3.14, 2.32],
						"0.5833": [-1, 2, 2.5]
					},
					"scale": {
						"0.0": [0, 1, 0],
						"0.5417": [0.0286, 1, 0.0286],
						"0.5833": [1, 1, 1]
					}
				},
				"bone4": {
					"rotation": {
						"0.0": [0, 0, 0],
						"0.5833": [45, 0, 0]
					},
					"position": {
						"0.0": [0, 0, 0],
						"0.5833": [1, 2, -2.5]
					},
					"scale": {
						"0.5417": [0, 1, 0],
						"0.5833": [1, 1, 1]
					}
				},
				"bone6": {
					"rotation": [0, 0, 0],
					"position": {
						"0.0": [0, 0, 0],
						"0.2917": [0, -29.5, 0],
						"0.5833": [0, -7, 0],
						"0.625": [0, -5, 0],
						"0.6667": [0, 0, 0]
					},
					"scale": {
						"0.0": [0, 1, 0],
						"0.5417": [0, 0.2, 0.0938],
						"0.5833": [1, 1, 1]
					}
				},
				"Coronha": {
					"rotation": {
						"0.0": [0, 0, 0],
						"0.25": [-85, 0, 0],
						"0.375": [-60, 0, 0],
						"0.5": [22.5, 0, 0]
					},
					"position": {
						"0.0": [0, -13, -5],
						"0.2083": [0, -9.5, -6.33],
						"0.25": [0, -9, -4],
						"0.375": [0, -6, -4],
						"0.5": [0, 1, -1]
					},
					"scale": {
						"0.0": [0, 1, 0],
						"0.2083": [0, 0, 0],
						"0.25": [0.5, 0.5, 0.5],
						"0.5": [1, 1, 1]
					}
				},
				"Coronha2": {
					"rotation": {
						"0.0": [0, 0, 0],
						"0.25": [85, 0, 0],
						"0.375": [60, 0, 0],
						"0.5": [-22.5, 0, 0]
					},
					"position": {
						"0.0": [0, 0, 0],
						"0.125": [0, -15, 7],
						"0.2083": [0, 0, 0],
						"0.25": [0, -9, 4],
						"0.375": [0, -6, 4],
						"0.5": [0, 1, 1]
					},
					"scale": {
						"0.0": [0, 1, 0],
						"0.0833": [0, 0, 0],
						"0.2083": [0.0167, -0.0167, -0.0833],
						"0.25": [0.5, 0.5, 0.5],
						"0.5": [1, 1, 1]
					}
				},
				"bone7": {
					"position": {
						"0.0": [0, 0, 0],
						"0.5833": [0, -10, 0],
						"0.625": [0, -20, 0],
						"0.6667": [0, 0, 0]
					},
					"scale": {
						"0.0": [0, 1, 0],
						"0.5833": [0, 1.4, 0],
						"0.625": [0, 1.65, 0.05],
						"0.6667": [1, 1, 1]
					}
				},
				"bone5": {
					"position": {
						"0.0": [0, 0, 0],
						"0.0833": [0, -16, 0],
						"0.5417": [0, 1, 0]
					},
					"scale": {
						"0.0": [0, 0, 0.1],
						"0.5417": [0, -0.1571, 0.1],
						"0.5833": [1, 1, 1]
					}
				},
				"bone9": {
					"position": [0, 0, 0],
					"scale": [0, 1, 0]
				},
				"bone10": {
					"scale": [0, 1, 0]
				},
				"bone13": {
					"scale": [0, 0.5, 0]
				},
				"bone14": {
					"position": [-1, 0, 0],
					"scale": [0, 0.2, 0]
				},
				"bone20": {
					"scale": [0, 0.3, 0]
				},
				"bone17": {
					"scale": [0, 0.4, 0]
				},
				"bone16": {
					"scale": [0, -0.2, 0]
				},
				"bone19": {
					"scale": [0, 0.3, 0]
				},
				"bone21": {
					"scale": [0, 0.2, 0]
				},
				"bone22": {
					"scale": [1, -0.4, 0]
				},
				"bone24": {
					"scale": [0, 0.8, 0]
				},
				"bone25": {
					"scale": [0, 1, 0]
				},
				"bone12": {
					"position": [0, -17, 0],
					"scale": [1, 0.9, 1]
				}
			}
		},
		"animation.ferramenta.machado": {
			"loop": "hold_on_last_frame",
			"animation_length": 1,
			"bones": {
				"Espada": {
					"scale": 1
				},
				"Norm": {
					"position": {
						"0.0": [0, 0, 0],
						"0.125": [0, 0, 0],
						"0.1667": [0, 0, 0]
					}
				},
				"bone": {
					"scale": 1
				},
				"bone3": {
					"rotation": [-45, 0, 0],
					"position": [-2, 2, 2.5],
					"scale": 1
				},
				"bone4": {
					"rotation": [45, 0, 0],
					"position": [2, 2, -2.5],
					"scale": 1
				},
				"bone6": {
					"rotation": [0, 0, 0],
					"position": [0, 0, 0],
					"scale": [1, 0, 0.6]
				},
				"Coronha": {
					"rotation": [85, 0, 0],
					"position": [0, -9, -7],
					"scale": [0, 0, 1]
				},
				"Coronha2": {
					"rotation": [-85, 0, 0],
					"position": [0, -9, 7],
					"scale": [0, 0, 1]
				},
				"bone7": {
					"position": [0, 0, 0],
					"scale": [1, 0, 0.2]
				},
				"bone5": {
					"position": [0, 1, 0],
					"scale": [1, 0, 0.4]
				},
				"bone9": {
					"position": {
						"0.125": [0, 0, 0],
						"0.2083": [0, -4, 0]
					},
					"scale": {
						"0.125": [1, 1, 1],
						"0.2083": [1, 1.2, 1],
						"0.2917": [-0.1, 1.2, 0]
					}
				},
				"bone10": {
					"position": {
						"0.125": [0, 0, 0],
						"0.2083": [0, -4, 0]
					},
					"scale": {
						"0.125": [1, 1, 1],
						"0.2083": [1, 1.2, 1],
						"0.2917": [0, 1.2, 0]
					}
				},
				"bone13": {
					"rotation": [0, 0, 0],
					"position": {
						"0.0": [0, 0, 0],
						"0.125": [0, 6, -2],
						"0.25": [0, 20, -2]
					},
					"scale": {
						"0.0": [1, 1, 1],
						"0.125": [0.6, 0.6, 0.6],
						"0.25": [0.6, 0, 0.2]
					}
				},
				"bone14": {
					"rotation": [0, 0, 0],
					"position": {
						"0.0": [0, 0, 0],
						"0.125": [0, 6, 2],
						"0.25": [0, 21, 2]
					},
					"scale": {
						"0.0": [1, 1, 1],
						"0.125": [0.6, 0.6, 0.6],
						"0.25": [0.6, -0.1, 0.2]
					}
				},
				"bone20": {
					"rotation": [0, 0, 0],
					"position": {
						"0.4167": [0, 0, 0],
						"0.4583": [0, 7, 4],
						"0.5": [0, 13.5, 2],
						"0.5417": [0, 0, 0]
					},
					"scale": {
						"0.4167": [0, 0.3, 0],
						"0.4583": [0, -0.2, 0],
						"0.5417": [1, 1, 1]
					}
				},
				"bone17": {
					"position": {
						"0.0833": [0, 0, 0],
						"0.2917": [0, 27, -3],
						"0.4167": [0, 13, -5],
						"0.4583": [0, 8.67, 1.67],
						"0.5417": [0, 0, 0]
					},
					"scale": {
						"0.0833": [0, 0.4, 0],
						"0.2917": [0.4545, -0.2273, 0.4545],
						"0.5417": [1, 1, 1]
					}
				},
				"bone16": {
					"scale": {
						"0.25": [0.6, 0.2, 0.2],
						"0.2917": [0.6, 1, 0.4],
						"0.4167": [1, 1, 1]
					}
				},
				"bone19": {
					"rotation": [0, 0, 0],
					"position": {
						"0.1667": [0, 0, 0],
						"0.25": [0, 0, 0],
						"0.375": [0, 12, -2],
						"0.4583": [0, 7, 2],
						"0.5417": [0, 0, 0]
					},
					"scale": {
						"0.1667": [0, 0.3, 0],
						"0.5417": [1, 1, 1]
					}
				},
				"bone21": {
					"scale": [0, 0.2, 0]
				},
				"bone22": {
					"scale": [1, -0.4, 0]
				},
				"bone24": {
					"scale": [0, 0.8, 0]
				},
				"bone25": {
					"scale": [0, 1, 0]
				},
				"bone12": {
					"position": [0, -19, 0]
				}
			}
		},
		"animation.ferramenta.pa": {
			"loop": "hold_on_last_frame",
			"animation_length": 0.41667,
			"bones": {
				"Espada": {
					"scale": 1
				},
				"Norm": {
					"position": {
						"0.0": [0, 0, 0],
						"0.1667": [0, 0, 0]
					}
				},
				"bone": {
					"scale": 1
				},
				"bone3": {
					"rotation": {
						"0.0": [-45, 0, 0],
						"0.25": [0, 0, 0]
					},
					"position": {
						"0.0": [-2, 2, 2.5],
						"0.25": [0, 0, 0]
					},
					"scale": 1
				},
				"bone4": {
					"rotation": {
						"0.0": [45, 0, 0],
						"0.25": [0, 0, 0]
					},
					"position": {
						"0.0": [2, 2, -2.5],
						"0.25": [0, 0, 0]
					},
					"scale": 1
				},
				"bone6": {
					"rotation": [0, 0, 0],
					"position": [0, 0, 0],
					"scale": [1, 0, 0.6]
				},
				"Coronha": {
					"rotation": [85, 0, 0],
					"position": [0, -9, -7],
					"scale": [0, 0, 1]
				},
				"Coronha2": {
					"rotation": [-85, 0, 0],
					"position": [0, -9, 7],
					"scale": [0, 0, 1]
				},
				"bone7": {
					"position": [0, 0, 0],
					"scale": [1, 0, 0.2]
				},
				"bone5": {
					"position": [0, 1, 0],
					"scale": [1, 0, 0.4]
				},
				"bone9": {
					"position": [0, -4, 0],
					"scale": [-0.1, 1.2, 0]
				},
				"bone10": {
					"position": [0, 0, 0],
					"scale": [0, 0, 0]
				},
				"bone13": {
					"rotation": [-190.25464, 0, 0],
					"position": [0, 42, 3],
					"scale": [0, 0, 0.4]
				},
				"bone14": {
					"rotation": [37.5, 0, 0],
					"position": [0, 7, 17],
					"scale": [0, 1.3, 0]
				},
				"bone20": {
					"position": {
						"0.0": [0, 0, 0],
						"0.25": [0, 7, 0]
					},
					"scale": {
						"0.0": [1, 1, 1],
						"0.25": [0, 0.6, 0]
					}
				},
				"bone17": {
					"position": {
						"0.0": [0, 0, 0],
						"0.25": [0, 0, -2]
					},
					"scale": {
						"0.0": [1, 1, 1],
						"0.25": [0.2, 0.9, 0.4]
					}
				},
				"bone16": {
					"position": {
						"0.0": [0, 0, 0],
						"0.25": [0, -6, 1]
					},
					"scale": {
						"0.0": [1, 1, 1],
						"0.25": [0.4, 1.3, 0.5],
						"0.2917": [0, 1, 0]
					}
				},
				"bone19": {
					"position": [0, 0, 0],
					"scale": {
						"0.0": [1, 1, 1],
						"0.25": [1, 1, 0]
					}
				},
				"bone21": {
					"scale": {
						"0.2083": [0, 0.2, 0],
						"0.25": [1, 1, 1]
					}
				},
				"bone22": {
					"position": {
						"0.2917": [0, 0, 0],
						"0.3333": [0, -3, 0],
						"0.4167": [0, 0, 0]
					},
					"scale": {
						"0.2917": [1, -0.4, 0],
						"0.3333": [1, 1, 1]
					}
				},
				"bone24": {
					"scale": [0, 0.8, 0]
				},
				"bone25": {
					"scale": [0, 1, 0]
				},
				"bone12": {
					"position": [0, -19, 0]
				}
			}
		},
		"animation.ferramenta.enxada": {
			"loop": "hold_on_last_frame",
			"animation_length": 0.66667,
			"bones": {
				"Espada": {
					"scale": 1
				},
				"Norm": {
					"position": {
						"0.0": [0, 0, 0],
						"0.1667": [0, 0, 0]
					}
				},
				"bone": {
					"scale": 1
				},
				"bone3": {
					"rotation": [0, 0, 0],
					"position": [0, 0, 0],
					"scale": 1
				},
				"bone4": {
					"rotation": [0, 0, 0],
					"position": [0, 0, 0],
					"scale": 1
				},
				"bone6": {
					"rotation": [0, 0, 0],
					"position": [0, 0, 0],
					"scale": [1, 0, 0.6]
				},
				"Coronha": {
					"rotation": [85, 0, 0],
					"position": [0, -9, -7],
					"scale": [0, 0, 1]
				},
				"Coronha2": {
					"rotation": [-85, 0, 0],
					"position": [0, -9, 7],
					"scale": [0, 0, 1]
				},
				"bone7": {
					"position": [0, 0, 0],
					"scale": [1, 0, 0.2]
				},
				"bone5": {
					"position": [0, 1, 0],
					"scale": [1, 0, 0.4]
				},
				"bone9": {
					"position": [0, -4, 0],
					"scale": {
						"0.0": [-0.1, 1.2, 0],
						"0.4583": [0, 0, 0]
					}
				},
				"bone10": {
					"position": [0, 0, 0],
					"scale": [0, 0, 0]
				},
				"bone13": {
					"rotation": [-190.25464, 0, 0],
					"position": [0, 42, 3],
					"scale": [0, 0, 0.4]
				},
				"bone14": {
					"rotation": [37.5, 0, 0],
					"position": [0, 7, 17],
					"scale": [0, 1.3, 0]
				},
				"bone20": {
					"position": [0, 7, 0],
					"scale": [0, 0.6, 0]
				},
				"bone17": {
					"position": {
						"0.0": [0, 0, -2],
						"0.6667": [0, -2, -2]
					},
					"scale": {
						"0.0": [0.2, 0.9, 0.4],
						"0.6667": [0, 0.9, 0]
					}
				},
				"bone16": {
					"position": {
						"0.0": [0, -6, 1],
						"0.6667": [0, 11, 1]
					},
					"scale": {
						"0.0": [1, 0.3, -4.9],
						"0.2083": [0, 0.5, 0],
						"0.6667": [0.2, 0.3, 0.1]
					}
				},
				"bone19": {
					"position": [0, 0, 0],
					"scale": [0.7, 1, 0]
				},
				"bone21": {
					"position": {
						"0.1667": [0, 0, 0],
						"0.4167": [0, 9, -1]
					},
					"scale": {
						"0.1667": [1, 1, 1],
						"0.4167": [1.6, 0.5, 1.4],
						"0.4583": [0, 0.5, 0]
					}
				},
				"bone22": {
					"position": {
						"0.0": [0, 0, 0],
						"0.25": [0, -8, 0]
					},
					"scale": [1, 1, 1]
				},
				"bone24": {
					"scale": {
						"0.375": [0, 0.8, 0],
						"0.4167": [1, 1, 1]
					}
				},
				"bone25": {
					"rotation": {
						"0.4167": [0, 0, 0],
						"0.4583": [65, 0, 0],
						"0.5417": [20, 0, 0],
						"0.625": [0, 0, 0]
					},
					"position": {
						"0.4167": [0, 1, 0],
						"0.4583": [0, 4, 2],
						"0.625": [0, 0, 0]
					},
					"scale": {
						"0.4167": [0, 1, 0],
						"0.4583": [0.5, 0.5, 0.5],
						"0.625": [1, 1, 1]
					}
				},
				"bone12": {
					"position": [0, -19, 0]
				}
			}
		},
		"animation.ferramenta.default": {
			"loop": "hold_on_last_frame",
			"animation_length": 0.66667,
			"bones": {
				"Espada": {
					"scale": 1
				},
				"Norm": {
					"position": [0, 0, 0]
				},
				"bone": {
					"scale": 1
				},
				"bone3": {
					"rotation": [0, 0, 0],
					"position": {
						"0.0": [0, 0, 0],
						"0.375": [0, 0, 3]
					},
					"scale": 1
				},
				"bone4": {
					"rotation": [0, 0, 0],
					"position": {
						"0.0": [0, 0, 0],
						"0.375": [0, 0, -2]
					},
					"scale": 1
				},
				"bone6": {
					"rotation": [0, 0, 0],
					"position": [0, 0, 0],
					"scale": [0, 0, 0.6]
				},
				"Coronha": {
					"rotation": [85, 0, 0],
					"position": [0, -9, -7],
					"scale": [0, 0, 1]
				},
				"Coronha2": {
					"rotation": [-85, 0, 0],
					"position": [0, -9, 7],
					"scale": [0, 0, 1]
				},
				"bone7": {
					"position": [0, 0, 0],
					"scale": [0, 0, 0.2]
				},
				"bone5": {
					"position": [0, 1, 0],
					"scale": [0, 0, 0.4]
				},
				"bone9": {
					"position": [0, -4, 0],
					"scale": {
						"0.0": [-0.1, 1.2, 0],
						"0.6667": [-0.1, 0.3, 0]
					}
				},
				"bone10": {
					"position": [0, 0, 0],
					"scale": [0, 0, 0]
				},
				"bone13": {
					"rotation": [-190.25464, 0, 0],
					"position": [0, 42, 3],
					"scale": [0, 0, 0.4]
				},
				"bone14": {
					"rotation": [37.5, 0, 0],
					"position": [0, 7, 17],
					"scale": [0, 1.3, 0]
				},
				"bone20": {
					"position": [0, 7, 0],
					"scale": [0, 0.6, 0]
				},
				"bone17": {
					"position": [0, -6, -2],
					"scale": [0, 0, 0.4]
				},
				"bone16": {
					"position": [0, -6, 1],
					"scale": [0, 1.3, 0]
				},
				"bone19": {
					"position": [0, 0, 0],
					"scale": [0, 1, 0]
				},
				"bone21": {
					"position": [0, 9, -1],
					"scale": [0, 0.5, 0]
				},
				"bone22": {
					"position": [0, -8, 0],
					"scale": [1, 1, 0]
				},
				"bone24": {
					"position": {
						"0.1667": [0, 0, 0],
						"0.2083": [0, -4, 0]
					},
					"scale": {
						"0.125": [1, 1, 1],
						"0.25": [0, 1, 0]
					}
				},
				"bone25": {
					"rotation": {
						"0.0": [0, 0, 0],
						"0.25": [117.5, 0, 0]
					},
					"position": {
						"0.0": [0, 0, 0],
						"0.25": [0, 0, -2]
					},
					"scale": {
						"0.0": [1, 1, 1],
						"0.25": [0, 1, 0]
					}
				},
				"Cabo": {
					"scale": {
						"0.5": [1, 1, 1],
						"0.5417": [0.7, 0, 0.8]
					}
				},
				"bone12": {
					"position": [0, -19, 0]
				}
			}
		},
		"animation.ferramenta.default2": {
			"loop": "hold_on_last_frame",
			"animation_length": 0.04167,
			"bones": {
				"Espada": {
					"scale": 1
				},
				"Norm": {
					"position": [0, 0, 0]
				},
				"bone": {
					"scale": 1
				},
				"bone3": {
					"rotation": [0, 0, 0],
					"position": [0, 0, 3],
					"scale": 1
				},
				"bone4": {
					"rotation": [0, 0, 0],
					"position": [0, 0, -2],
					"scale": 1
				},
				"bone6": {
					"rotation": [0, 0, 0],
					"position": [0, 0, 0],
					"scale": [1, 0, 0.6]
				},
				"Coronha": {
					"rotation": [85, 0, 0],
					"position": [0, -9, -7],
					"scale": [0, 0, 1]
				},
				"Coronha2": {
					"rotation": [-85, 0, 0],
					"position": [0, -9, 7],
					"scale": [0, 0, 1]
				},
				"bone7": {
					"position": [0, 0, 0],
					"scale": [1, 0, 0.2]
				},
				"bone5": {
					"position": [0, 1, 0],
					"scale": [1, 0, 0.4]
				},
				"bone9": {
					"position": [0, -4, 0],
					"scale": [-0.1, 1.2, 0]
				},
				"bone10": {
					"position": [0, 0, 0],
					"scale": [0, 0, 0]
				},
				"bone13": {
					"rotation": [-190.25464, 0, 0],
					"position": [0, 42, 3],
					"scale": [0, 0, 0.4]
				},
				"bone14": {
					"rotation": [37.5, 0, 0],
					"position": [0, 7, 17],
					"scale": [0, 1.3, 0]
				},
				"bone20": {
					"position": [0, 7, 0],
					"scale": [0, 0.6, 0]
				},
				"bone17": {
					"position": [0, 0, -2],
					"scale": [0.2, 0.9, 0.4]
				},
				"bone16": {
					"position": [0, -6, 1],
					"scale": [1, 0.3, -4.9]
				},
				"bone19": {
					"position": [0, 0, 0],
					"scale": [0.7, 1, 0]
				},
				"bone21": {
					"position": [0, 9, -1],
					"scale": [0, 0.5, 0]
				},
				"bone22": {
					"position": [0, -8, 0],
					"scale": [1, 1, 0]
				},
				"bone24": {
					"position": [0, -4, 0],
					"scale": [0, 1, 0]
				},
				"bone25": {
					"rotation": [117.5, 0, 0],
					"position": [0, 0, -2],
					"scale": [0, 1, 0]
				},
				"Cabo": {
					"scale": [0.7, 0, 0.8]
				},
				"bone12": {
					"position": [0, 1, 0]
				}
			}
		}
	}
}