{
	"format_version": "1.20.20",
	"minecraft:item": {
		"description": {
			"identifier": "vatonage:drill",
			"category": "items"
		},
		"components": {
			"minecraft:icon": {
				"texture": "drill"
			},
			"minecraft:display_name": {
			  "value": "Mechanical Drill"
			},
			"minecraft:hand_equipped": true,
			"minecraft:durability": {
				"max_durability": 2000
			},
			"minecraft:max_stack_size": 1,
			"minecraft:stacked_by_data": false,
			"minecraft:damage": 10,
			"minecraft:digger": {
				"destroy_speeds": [
					{
						"block": {
							"tags": "!q.any_tag('kkkkkkcuzinfidido')"
						},
						"speed": 30
					}
				],
				"use_efficiency": true
			}
		},
		"events": {
		}
	}
}