{
	"format_version": "1.20.20",
	"minecraft:item": {
		"description": {
			"identifier": "vatonage:modular_tool_pickaxe",
			"category": "none"
		},
		"components": {
			"minecraft:icon": {
				"texture": "modular_tool_pickaxe"
			},
			"minecraft:display_name": {
			  "value": "Modular Tool \nPickaxe"
			},
			"minecraft:hand_equipped": true,
			"minecraft:durability": {
				"max_durability": 2000
			},
			"minecraft:max_stack_size": 1,
			"minecraft:stacked_by_data": false,
			"minecraft:damage": 10,
			"minecraft:digger": {
				"destroy_speeds": [
					{
						"block": {
							"tags": "q.any_tag('stone', 'metal', 'gold_pick_diggable', 'stone_pick_diggable', 'wood_pick_diggable')"
						},
						"speed": 30
					},
					{"block": "minecraft:bamboo", "speed": 30},
					{"block": "minecraft:infested_deepslate", "speed": 30},
					{"block": "minecraft:monster_egg", "speed": 30},
					{"block": "minecraft:netherreactor", "speed": 30},
					{"block": "minecraft:stonecutter", "speed": 30},
					{"block": "minecraft:piston_arm_collision", "speed": 30},
					{"block": "minecraft:sticky_piston_arm_collision", "speed": 30},
					{"block": "minecraft:activator_rail", "speed": 30},
					{"block": "minecraft:amethyst_block", "speed": 30},
					{"block": "minecraft:amethyst_cluster", "speed": 30},
					{"block": "minecraft:ancient_debris", "speed": 1.2},
					{"block": "minecraft:andesite_stairs", "speed": 30},
					{"block": "minecraft:andesite", "speed": 30},
					{"block": "minecraft:anvil", "speed": 30},
					{"block": "minecraft:basalt", "speed": 30},
					{"block": "minecraft:bell", "speed": 30},
					{"block": "minecraft:black_concrete", "speed": 30},
					{"block": "minecraft:black_glazed_terracotta", "speed": 30},
					{"block": "minecraft:black_shulker_box", "speed": 30},
					{"block": "minecraft:black_terracotta", "speed": 30},
					{"block": "minecraft:blackstone_double_slab", "speed": 30},
					{"block": "minecraft:blackstone_slab", "speed": 30},
					{"block": "minecraft:blackstone_stairs", "speed": 30},
					{"block": "minecraft:blackstone_wall", "speed": 30},
					{"block": "minecraft:blackstone", "speed": 30},
					{"block": "minecraft:blast_furnace", "speed": 30},
					{"block": "minecraft:blue_concrete", "speed": 30},
					{"block": "minecraft:blue_glazed_terracotta", "speed": 30},
					{"block": "minecraft:blue_ice", "speed": 30},
					{"block": "minecraft:blue_shulker_box", "speed": 30},
					{"block": "minecraft:blue_terracotta", "speed": 30},
					{"block": "minecraft:bone_block", "speed": 30},
					{"block": "minecraft:brewing_stand", "speed": 30},
					{"block": "minecraft:brick_block", "speed": 30},
					{"block": "minecraft:brick_stairs", "speed": 30},
					{"block": "minecraft:brown_concrete", "speed": 30},
					{"block": "minecraft:brown_glazed_terracotta", "speed": 30},
					{"block": "minecraft:brown_shulker_box", "speed": 30},
					{"block": "minecraft:brown_terracotta", "speed": 30},
					{"block": "minecraft:budding_amethyst", "speed": 30},
					{"block": "minecraft:calcite", "speed": 30},
					{"block": "minecraft:cauldron", "speed": 30},
					{"block": "minecraft:chain", "speed": 30},
					{"block": "minecraft:chemical_heat", "speed": 30},
					{"block": "minecraft:chemistry_table", "speed": 30},
					{"block": "minecraft:chiseled_copper", "speed": 30},
					{"block": "minecraft:chiseled_deepslate", "speed": 30},
					{"block": "minecraft:chiseled_nether_bricks", "speed": 30},
					{"block": "minecraft:chiseled_polished_blackstone", "speed": 30},
					{"block": "minecraft:chiseled_tuff_bricks", "speed": 30},
					{"block": "minecraft:chiseled_tuff", "speed": 30},
					{"block": "minecraft:coal_block", "speed": 30},
					{"block": "minecraft:coal_ore", "speed": 30},
					{"block": "minecraft:cobbled_deepslate_double_slab", "speed": 30},
					{"block": "minecraft:cobbled_deepslate_slab", "speed": 30},
					{"block": "minecraft:cobbled_deepslate_stairs", "speed": 30},
					{"block": "minecraft:cobbled_deepslate_wall", "speed": 30},
					{"block": "minecraft:cobbled_deepslate", "speed": 30},
					{"block": "minecraft:cobblestone_wall", "speed": 30},
					{"block": "minecraft:cobblestone", "speed": 30},
					{"block": "minecraft:conduit", "speed": 30},
					{"block": "minecraft:copper_block", "speed": 30},
					{"block": "minecraft:copper_bulb", "speed": 30},
					{"block": "minecraft:copper_door", "speed": 30},
					{"block": "minecraft:copper_grate", "speed": 30},
					{"block": "minecraft:copper_ore", "speed": 30},
					{"block": "minecraft:copper_trapdoor", "speed": 30},
					{"block": "minecraft:coral_block", "speed": 30},
					{"block": "minecraft:cracked_deepslate_bricks", "speed": 30},
					{"block": "minecraft:cracked_deepslate_tiles", "speed": 30},
					{"block": "minecraft:cracked_nether_bricks", "speed": 30},
					{"block": "minecraft:cracked_polished_blackstone_bricks", "speed": 30},
					{"block": "minecraft:crafter", "speed": 30},
					{"block": "minecraft:crimson_nylium", "speed": 30},
					{"block": "minecraft:crying_obsidian", "speed": 1.2},
					{"block": "minecraft:cut_copper_slab", "speed": 30},
					{"block": "minecraft:cut_copper_stairs", "speed": 30},
					{"block": "minecraft:cut_copper", "speed": 30},
					{"block": "minecraft:cyan_concrete", "speed": 30},
					{"block": "minecraft:cyan_glazed_terracotta", "speed": 30},
					{"block": "minecraft:cyan_shulker_box", "speed": 30},
					{"block": "minecraft:cyan_terracotta", "speed": 30},
					{"block": "minecraft:dark_prismarine_stairs", "speed": 30},
					{"block": "minecraft:deepslate_brick_double_slab", "speed": 30},
					{"block": "minecraft:deepslate_brick_slab", "speed": 30},
					{"block": "minecraft:deepslate_brick_stairs", "speed": 30},
					{"block": "minecraft:deepslate_brick_wall", "speed": 30},
					{"block": "minecraft:deepslate_bricks", "speed": 30},
					{"block": "minecraft:deepslate_coal_ore", "speed": 30},
					{"block": "minecraft:deepslate_copper_ore", "speed": 30},
					{"block": "minecraft:deepslate_diamond_ore", "speed": 1.2},
					{"block": "minecraft:deepslate_emerald_ore", "speed": 1.2},
					{"block": "minecraft:deepslate_gold_ore", "speed": 1.2},
					{"block": "minecraft:deepslate_iron_ore", "speed": 30},
					{"block": "minecraft:deepslate_lapis_ore", "speed": 30},
					{"block": "minecraft:deepslate_redstone_ore", "speed": 1.2},
					{"block": "minecraft:deepslate_tile_double_slab", "speed": 30},
					{"block": "minecraft:deepslate_tile_slab", "speed": 30},
					{"block": "minecraft:deepslate_tile_stairs", "speed": 30},
					{"block": "minecraft:deepslate_tile_wall", "speed": 30},
					{"block": "minecraft:deepslate_tiles", "speed": 30},
					{"block": "minecraft:deepslate", "speed": 30},
					{"block": "minecraft:detector_rail", "speed": 30},
					{"block": "minecraft:diamond_block", "speed": 1.2},
					{"block": "minecraft:diamond_ore", "speed": 1.2},
					{"block": "minecraft:diorite_stairs", "speed": 30},
					{"block": "minecraft:diorite", "speed": 30},
					{"block": "minecraft:dispenser", "speed": 30},
					{"block": "minecraft:double_cut_copper_slab", "speed": 30},
					{"block": "minecraft:double_stone_block_slab", "speed": 30},
					{"block": "minecraft:double_stone_block_slab2", "speed": 30},
					{"block": "minecraft:double_stone_block_slab3", "speed": 30},
					{"block": "minecraft:double_stone_block_slab30", "speed": 30},
					{"block": "minecraft:dripstone_block", "speed": 30},
					{"block": "minecraft:dropper", "speed": 30},
					{"block": "minecraft:emerald_block", "speed": 1.2},
					{"block": "minecraft:emerald_ore", "speed": 1.2},
					{"block": "minecraft:enchanting_table", "speed": 30},
					{"block": "minecraft:end_brick_stairs", "speed": 30},
					{"block": "minecraft:end_bricks", "speed": 30},
					{"block": "minecraft:end_stone", "speed": 30},
					{"block": "minecraft:ender_chest", "speed": 30},
					{"block": "minecraft:exposed_chiseled_copper", "speed": 30},
					{"block": "minecraft:exposed_copper_bulb", "speed": 30},
					{"block": "minecraft:exposed_copper_door", "speed": 30},
					{"block": "minecraft:exposed_copper_grate", "speed": 30},
					{"block": "minecraft:exposed_copper_trapdoor", "speed": 30},
					{"block": "minecraft:exposed_copper", "speed": 30},
					{"block": "minecraft:exposed_cut_copper_slab", "speed": 30},
					{"block": "minecraft:exposed_cut_copper_stairs", "speed": 30},
					{"block": "minecraft:exposed_cut_copper", "speed": 30},
					{"block": "minecraft:exposed_double_cut_copper_slab", "speed": 30},
					{"block": "minecraft:furnace", "speed": 30},
					{"block": "minecraft:gilded_blackstone", "speed": 30},
					{"block": "minecraft:glowingobsidian", "speed": 1.2},
					{"block": "minecraft:gold_block", "speed": 1.2},
					{"block": "minecraft:gold_ore", "speed": 1.2},
					{"block": "minecraft:golden_rail", "speed": 30},
					{"block": "minecraft:granite_stairs", "speed": 30},
					{"block": "minecraft:granite", "speed": 30},
					{"block": "minecraft:gray_concrete", "speed": 30},
					{"block": "minecraft:gray_glazed_terracotta", "speed": 30},
					{"block": "minecraft:gray_shulker_box", "speed": 30},
					{"block": "minecraft:gray_terracotta", "speed": 30},
					{"block": "minecraft:green_concrete", "speed": 30},
					{"block": "minecraft:green_glazed_terracotta", "speed": 30},
					{"block": "minecraft:green_shulker_box", "speed": 30},
					{"block": "minecraft:green_terracotta", "speed": 30},
					{"block": "minecraft:grindstone", "speed": 30},
					{"block": "minecraft:hardened_clay", "speed": 30},
					{"block": "minecraft:heavy_weighted_pressure_plate", "speed": 30},
					{"block": "minecraft:hopper", "speed": 30},
					{"block": "minecraft:ice", "speed": 30},
					{"block": "minecraft:iron_bars", "speed": 30},
					{"block": "minecraft:iron_block", "speed": 30},
					{"block": "minecraft:iron_door", "speed": 30},
					{"block": "minecraft:iron_ore", "speed": 30},
					{"block": "minecraft:iron_trapdoor", "speed": 30},
					{"block": "minecraft:lantern", "speed": 30},
					{"block": "minecraft:lapis_block", "speed": 30},
					{"block": "minecraft:lapis_ore", "speed": 30},
					{"block": "minecraft:large_amethyst_bud", "speed": 30},
					{"block": "minecraft:light_blue_concrete", "speed": 30},
					{"block": "minecraft:light_blue_glazed_terracotta", "speed": 30},
					{"block": "minecraft:light_blue_shulker_box", "speed": 30},
					{"block": "minecraft:light_blue_terracotta", "speed": 30},
					{"block": "minecraft:light_gray_concrete", "speed": 30},
					{"block": "minecraft:light_gray_shulker_box", "speed": 30},
					{"block": "minecraft:light_gray_terracotta", "speed": 30},
					{"block": "minecraft:light_weighted_pressure_plate", "speed": 30},
					{"block": "minecraft:lightning_rod", "speed": 30},
					{"block": "minecraft:lime_concrete", "speed": 30},
					{"block": "minecraft:lime_glazed_terracotta", "speed": 30},
					{"block": "minecraft:lime_shulker_box", "speed": 30},
					{"block": "minecraft:lime_terracotta", "speed": 30},
					{"block": "minecraft:lit_blast_furnace", "speed": 30},
					{"block": "minecraft:lit_deepslate_redstone_ore", "speed": 1.2},
					{"block": "minecraft:lit_furnace", "speed": 30},
					{"block": "minecraft:lit_redstone_ore", "speed": 1.2},
					{"block": "minecraft:lit_smoker", "speed": 30},
					{"block": "minecraft:lodestone", "speed": 30},
					{"block": "minecraft:magenta_concrete", "speed": 30},
					{"block": "minecraft:magenta_glazed_terracotta", "speed": 30},
					{"block": "minecraft:magenta_shulker_box", "speed": 30},
					{"block": "minecraft:magenta_terracotta", "speed": 30},
					{"block": "minecraft:magma", "speed": 30},
					{"block": "minecraft:medium_amethyst_bud", "speed": 30},
					{"block": "minecraft:mob_spawner", "speed": 30},
					{"block": "minecraft:mossy_cobblestone_stairs", "speed": 30},
					{"block": "minecraft:mossy_cobblestone", "speed": 30},
					{"block": "minecraft:mossy_stone_brick_stairs", "speed": 30},
					{"block": "minecraft:mud_brick_double_slab", "speed": 30},
					{"block": "minecraft:mud_brick_slab", "speed": 30},
					{"block": "minecraft:mud_brick_stairs", "speed": 30},
					{"block": "minecraft:mud_brick_wall", "speed": 30},
					{"block": "minecraft:mud_bricks", "speed": 30},
					{"block": "minecraft:nether_brick_fence", "speed": 30},
					{"block": "minecraft:nether_brick_stairs", "speed": 30},
					{"block": "minecraft:nether_brick", "speed": 30},
					{"block": "minecraft:nether_gold_ore", "speed": 30},
					{"block": "minecraft:netherite_block", "speed": 1.2},
					{"block": "minecraft:netherrack", "speed": 30},
					{"block": "minecraft:normal_stone_stairs", "speed": 30},
					{"block": "minecraft:observer", "speed": 30},
					{"block": "minecraft:obsidian", "speed": 1.2},
					{"block": "minecraft:orange_concrete", "speed": 30},
					{"block": "minecraft:orange_glazed_terracotta", "speed": 30},
					{"block": "minecraft:orange_shulker_box", "speed": 30},
					{"block": "minecraft:orange_terracotta", "speed": 30},
					{"block": "minecraft:oxidized_chiseled_copper", "speed": 30},
					{"block": "minecraft:oxidized_copper_bulb", "speed": 30},
					{"block": "minecraft:oxidized_copper_door", "speed": 30},
					{"block": "minecraft:oxidized_copper_grate", "speed": 30},
					{"block": "minecraft:oxidized_copper_trapdoor", "speed": 30},
					{"block": "minecraft:oxidized_copper", "speed": 30},
					{"block": "minecraft:oxidized_cut_copper_slab", "speed": 30},
					{"block": "minecraft:oxidized_cut_copper_stairs", "speed": 30},
					{"block": "minecraft:oxidized_cut_copper", "speed": 30},
					{"block": "minecraft:oxidized_double_cut_copper_slab", "speed": 30},
					{"block": "minecraft:packed_ice", "speed": 30},
					{"block": "minecraft:packed_mud", "speed": 30},
					{"block": "minecraft:pink_concrete", "speed": 30},
					{"block": "minecraft:pink_glazed_terracotta", "speed": 30},
					{"block": "minecraft:pink_shulker_box", "speed": 30},
					{"block": "minecraft:pink_terracotta", "speed": 30},
					{"block": "minecraft:piston", "speed": 30},
					{"block": "minecraft:pointed_dripstone", "speed": 30},
					{"block": "minecraft:polished_andesite_stairs", "speed": 30},
					{"block": "minecraft:polished_andesite", "speed": 30},
					{"block": "minecraft:polished_basalt", "speed": 30},
					{
						"block": "minecraft:polished_blackstone_brick_double_slab",
						"speed": 30
					},
					{"block": "minecraft:polished_blackstone_brick_slab", "speed": 30},
					{"block": "minecraft:polished_blackstone_brick_stairs", "speed": 30},
					{"block": "minecraft:polished_blackstone_brick_wall", "speed": 30},
					{"block": "minecraft:polished_blackstone_bricks", "speed": 30},
					{"block": "minecraft:polished_blackstone_button", "speed": 30},
					{"block": "minecraft:polished_blackstone_double_slab", "speed": 30},
					{"block": "minecraft:polished_blackstone_pressure_plate", "speed": 30},
					{"block": "minecraft:polished_blackstone_slab", "speed": 30},
					{"block": "minecraft:polished_blackstone_stairs", "speed": 30},
					{"block": "minecraft:polished_blackstone_wall", "speed": 30},
					{"block": "minecraft:polished_blackstone", "speed": 30},
					{"block": "minecraft:polished_deepslate_double_slab", "speed": 30},
					{"block": "minecraft:polished_deepslate_slab", "speed": 30},
					{"block": "minecraft:polished_deepslate_stairs", "speed": 30},
					{"block": "minecraft:polished_deepslate_wall", "speed": 30},
					{"block": "minecraft:polished_deepslate", "speed": 30},
					{"block": "minecraft:polished_diorite_stairs", "speed": 30},
					{"block": "minecraft:polished_diorite", "speed": 30},
					{"block": "minecraft:polished_granite_stairs", "speed": 30},
					{"block": "minecraft:polished_granite", "speed": 30},
					{"block": "minecraft:polished_tuff_double_slab", "speed": 30},
					{"block": "minecraft:polished_tuff_slab", "speed": 30},
					{"block": "minecraft:polished_tuff_stairs", "speed": 30},
					{"block": "minecraft:polished_tuff_wall", "speed": 30},
					{"block": "minecraft:polished_tuff", "speed": 30},
					{"block": "minecraft:prismarine_bricks_stairs", "speed": 30},
					{"block": "minecraft:prismarine_stairs", "speed": 30},
					{"block": "minecraft:prismarine", "speed": 30},
					{"block": "minecraft:purple_concrete", "speed": 30},
					{"block": "minecraft:purple_glazed_terracotta", "speed": 30},
					{"block": "minecraft:purple_shulker_box", "speed": 30},
					{"block": "minecraft:purple_terracotta", "speed": 30},
					{"block": "minecraft:purpur_block", "speed": 30},
					{"block": "minecraft:purpur_stairs", "speed": 30},
					{"block": "minecraft:quartz_block", "speed": 30},
					{"block": "minecraft:quartz_bricks", "speed": 30},
					{"block": "minecraft:quartz_ore", "speed": 30},
					{"block": "minecraft:quartz_stairs", "speed": 30},
					{"block": "minecraft:rail", "speed": 30},
					{"block": "minecraft:raw_copper_block", "speed": 30},
					{"block": "minecraft:raw_gold_block", "speed": 1.2},
					{"block": "minecraft:raw_iron_block", "speed": 30},
					{"block": "minecraft:red_concrete", "speed": 30},
					{"block": "minecraft:red_glazed_terracotta", "speed": 30},
					{"block": "minecraft:red_nether_brick_stairs", "speed": 30},
					{"block": "minecraft:red_nether_brick", "speed": 30},
					{"block": "minecraft:red_sandstone_stairs", "speed": 30},
					{"block": "minecraft:red_sandstone", "speed": 30},
					{"block": "minecraft:red_shulker_box", "speed": 30},
					{"block": "minecraft:red_terracotta", "speed": 30},
					{"block": "minecraft:redstone_block", "speed": 30},
					{"block": "minecraft:redstone_ore", "speed": 1.2},
					{"block": "minecraft:respawn_anchor", "speed": 1.2},
					{"block": "minecraft:sandstone_stairs", "speed": 30},
					{"block": "minecraft:sandstone", "speed": 30},
					{"block": "minecraft:silver_glazed_terracotta", "speed": 30},
					{"block": "minecraft:small_amethyst_bud", "speed": 30},
					{"block": "minecraft:smoker", "speed": 30},
					{"block": "minecraft:smooth_basalt", "speed": 30},
					{"block": "minecraft:smooth_quartz_stairs", "speed": 30},
					{"block": "minecraft:smooth_red_sandstone_stairs", "speed": 30},
					{"block": "minecraft:smooth_sandstone_stairs", "speed": 30},
					{"block": "minecraft:smooth_stone", "speed": 30},
					{"block": "minecraft:soul_lantern", "speed": 30},
					{"block": "minecraft:sticky_piston", "speed": 30},
					{"block": "minecraft:stone_block_slab", "speed": 30},
					{"block": "minecraft:stone_block_slab2", "speed": 30},
					{"block": "minecraft:stone_block_slab3", "speed": 30},
					{"block": "minecraft:stone_block_slab30", "speed": 30},
					{"block": "minecraft:stone_brick_stairs", "speed": 30},
					{"block": "minecraft:stone_button", "speed": 30},
					{"block": "minecraft:stone_pressure_plate", "speed": 30},
					{"block": "minecraft:stone_stairs", "speed": 30},
					{"block": "minecraft:stone", "speed": 30},
					{"block": "minecraft:stonebrick", "speed": 30},
					{"block": "minecraft:stonecutter_block", "speed": 30},
					{"block": "minecraft:tuff_brick_double_slab", "speed": 30},
					{"block": "minecraft:tuff_brick_slab", "speed": 30},
					{"block": "minecraft:tuff_brick_stairs", "speed": 30},
					{"block": "minecraft:tuff_brick_wall", "speed": 30},
					{"block": "minecraft:tuff_bricks", "speed": 30},
					{"block": "minecraft:tuff_double_slab", "speed": 30},
					{"block": "minecraft:tuff_slab", "speed": 30},
					{"block": "minecraft:tuff_stairs", "speed": 30},
					{"block": "minecraft:tuff_wall", "speed": 30},
					{"block": "minecraft:tuff", "speed": 30},
					{"block": "minecraft:undyed_shulker_box", "speed": 30},
					{"block": "minecraft:warped_nylium", "speed": 30},
					{"block": "minecraft:waxed_chiseled_copper", "speed": 30},
					{"block": "minecraft:waxed_copper_bulb", "speed": 30},
					{"block": "minecraft:waxed_copper_door", "speed": 30},
					{"block": "minecraft:waxed_copper_grate", "speed": 30},
					{"block": "minecraft:waxed_copper_trapdoor", "speed": 30},
					{"block": "minecraft:waxed_copper", "speed": 30},
					{"block": "minecraft:waxed_cut_copper_slab", "speed": 30},
					{"block": "minecraft:waxed_cut_copper_stairs", "speed": 30},
					{"block": "minecraft:waxed_cut_copper", "speed": 30},
					{"block": "minecraft:waxed_double_cut_copper_slab", "speed": 30},
					{"block": "minecraft:waxed_exposed_chiseled_copper", "speed": 30},
					{"block": "minecraft:waxed_exposed_copper_bulb", "speed": 30},
					{"block": "minecraft:waxed_exposed_copper_door", "speed": 30},
					{"block": "minecraft:waxed_exposed_copper_grate", "speed": 30},
					{"block": "minecraft:waxed_exposed_copper_trapdoor", "speed": 30},
					{"block": "minecraft:waxed_exposed_copper", "speed": 30},
					{"block": "minecraft:waxed_exposed_cut_copper_slab", "speed": 30},
					{"block": "minecraft:waxed_exposed_cut_copper_stairs", "speed": 30},
					{"block": "minecraft:waxed_exposed_cut_copper", "speed": 30},
					{
						"block": "minecraft:waxed_exposed_double_cut_copper_slab",
						"speed": 30
					},
					{"block": "minecraft:waxed_oxidized_chiseled_copper", "speed": 30},
					{"block": "minecraft:waxed_oxidized_copper_bulb", "speed": 30},
					{"block": "minecraft:waxed_oxidized_copper_door", "speed": 30},
					{"block": "minecraft:waxed_oxidized_copper_grate", "speed": 30},
					{"block": "minecraft:waxed_oxidized_copper_trapdoor", "speed": 30},
					{"block": "minecraft:waxed_oxidized_copper", "speed": 30},
					{"block": "minecraft:waxed_oxidized_cut_copper_slab", "speed": 30},
					{"block": "minecraft:waxed_oxidized_cut_copper_stairs", "speed": 30},
					{"block": "minecraft:waxed_oxidized_cut_copper", "speed": 30},
					{
						"block": "minecraft:waxed_oxidized_double_cut_copper_slab",
						"speed": 30
					},
					{"block": "minecraft:waxed_weathered_chiseled_copper", "speed": 30},
					{"block": "minecraft:waxed_weathered_copper_bulb", "speed": 30},
					{"block": "minecraft:waxed_weathered_copper_door", "speed": 30},
					{"block": "minecraft:waxed_weathered_copper_grate", "speed": 30},
					{"block": "minecraft:waxed_weathered_copper_trapdoor", "speed": 30},
					{"block": "minecraft:waxed_weathered_copper", "speed": 30},
					{"block": "minecraft:waxed_weathered_cut_copper_slab", "speed": 30},
					{"block": "minecraft:waxed_weathered_cut_copper_stairs", "speed": 30},
					{"block": "minecraft:waxed_weathered_cut_copper", "speed": 30},
					{
						"block": "minecraft:waxed_weathered_double_cut_copper_slab",
						"speed": 30
					},
					{"block": "minecraft:weathered_chiseled_copper", "speed": 30},
					{"block": "minecraft:weathered_copper_bulb", "speed": 30},
					{"block": "minecraft:weathered_copper_door", "speed": 30},
					{"block": "minecraft:weathered_copper_grate", "speed": 30},
					{"block": "minecraft:weathered_copper_trapdoor", "speed": 30},
					{"block": "minecraft:weathered_copper", "speed": 30},
					{"block": "minecraft:weathered_cut_copper_slab", "speed": 30},
					{"block": "minecraft:weathered_cut_copper_stairs", "speed": 30},
					{"block": "minecraft:weathered_cut_copper", "speed": 30},
					{"block": "minecraft:weathered_double_cut_copper_slab", "speed": 30},
					{"block": "minecraft:white_concrete", "speed": 30},
					{"block": "minecraft:white_glazed_terracotta", "speed": 30},
					{"block": "minecraft:white_shulker_box", "speed": 30},
					{"block": "minecraft:white_terracotta", "speed": 30},
					{"block": "minecraft:yellow_concrete", "speed": 30},
					{"block": "minecraft:yellow_glazed_terracotta", "speed": 30},
					{"block": "minecraft:yellow_shulker_box", "speed": 30},
					{"block": "minecraft:yellow_terracotta", "speed": 30}
				],
				"use_efficiency": true
			}
		},
		"events": {
		}
	}
}