{
  "format_version": "1.20.20",
  "minecraft:item": {
    "description": {
      "category": "items",
      "identifier": "vatonage:modular_tool_sword"
    },
    "components": {
      "minecraft:icon": {
        "texture": "modular_tool_sword"
      },
      "minecraft:display_name": {
        "value": "Modular Tool \nSword"
      },
      "minecraft:creative_category": {
        "parent": "itemGroup.name.items"
      },
			"minecraft:durability": {
				"max_durability": 2000
			},
      "minecraft:max_stack_size": 1,
      "minecraft:hand_equipped": true,
			"minecraft:damage": 20
    },
    "events": {
    }
  }
}
