{
	"format_version": "1.20.20",
	"minecraft:item": {
		"description": {
			"identifier": "vatonage:modular_tool_shovel",
			"category": "none"
		},
		"components": {
			"minecraft:icon": {
				"texture": "modular_tool_shovel"
			},
			"minecraft:display_name": {
			  "value": "Modular Tool \nShovel"
			},
            "minecraft:digger": {
                "destroy_speeds": [
                    {
                        "block": {
                            "tags":"q.any_tag('dirt','grass','clay','gravel')"
                        },
                        "speed": 30
                    }
                ]
            },
			"minecraft:hand_equipped": true,
			"minecraft:durability": {
				"max_durability": 2000
			},
			"minecraft:max_stack_size": 1,
			"minecraft:stacked_by_data": false,
			"minecraft:damage": 6
		},
		"events": {
		}
	}
}