{
	"format_version": "1.20.20",
	"minecraft:item": {
		"description": {
			"identifier": "vatonage:nano_sword",
			"category": "items"
		},
		"components": {
			"minecraft:icon": {
				"texture": "nano_sword"
			},
			"minecraft:display_name": {
			  "value": "Nano Sword"
			},
			"minecraft:hand_equipped": true,
			"minecraft:durability": {
				"max_durability": 2000
			},
			"minecraft:max_stack_size": 1,
			"minecraft:stacked_by_data": false,
			"minecraft:damage": 20
		},
		"events": {
		}
	}
}