{
	"format_version": "1.20.50",
	"minecraft:block": {
		"description": {
			"identifier": "vatonage:battery",
            "menu_category": {
                "category": "construction",
                "group": "itemGroup.name.basic",
                "is_hidden_in_commands": false
            },
			"states": {
				"vatonage:power_stage":[0,1,2,3,4,5,6,7,8,9,10,11,12,13,14,15],
				"vatonage:above":["rfInput", "none"],
				"vatonage:below":["rfOutput", "none"]
			}
		},
		"components": {
			"tag:vatonageblock": {},
			"minecraft:material_instances": {
				"*": {
					"texture": "battery_0",
					"render_method": "alpha_test"
				}
			},
			"minecraft:selection_box": {
				"origin": [ -8, 0, -8],
				"size": [ 16, 16, 16]
			},
			"minecraft:collision_box": {
				"origin": [ -8, 0, -8],
				"size": [ 16, 16, 16]
			},
			"tag:rf_receiver":{},
			"minecraft:geometry": "geometry.battery",
			"minecraft:destructible_by_mining": true,
			"minecraft:light_dampening": 0
		},
		"permutations":[
			{
				"condition":"q.block_state('vatonage:power_stage') == 0",
				"components":{
					"minecraft:material_instances": {
						"*": {
							"texture": "battery_0",
							"render_method": "alpha_test"
						}
					}
				}
			},
			{
				"condition":"q.block_state('vatonage:power_stage') == 1",
				"components":{
					"minecraft:material_instances": {
						"*": {
							"texture": "battery_1",
							"render_method": "alpha_test"
						}
					}
				}
			},
			{
				"condition":"q.block_state('vatonage:power_stage') == 2",
				"components":{
					"minecraft:material_instances": {
						"*": {
							"texture": "battery_2",
							"render_method": "alpha_test"
						}
					}
				}
			},
			{
				"condition":"q.block_state('vatonage:power_stage') == 3",
				"components":{
					"minecraft:material_instances": {
						"*": {
							"texture": "battery_3",
							"render_method": "alpha_test"
						}
					}
				}
			},
			{
				"condition":"q.block_state('vatonage:power_stage') == 4",
				"components":{
					"minecraft:material_instances": {
						"*": {
							"texture": "battery_4",
							"render_method": "alpha_test"
						}
					}
				}
			},
			{
				"condition":"q.block_state('vatonage:power_stage') == 5",
				"components":{
					"minecraft:material_instances": {
						"*": {
							"texture": "battery_5",
							"render_method": "alpha_test"
						}
					}
				}
			},
			{
				"condition":"q.block_state('vatonage:power_stage') == 6",
				"components":{
					"minecraft:material_instances": {
						"*": {
							"texture": "battery_6",
							"render_method": "alpha_test"
						}
					}
				}
			},
			{
				"condition":"q.block_state('vatonage:power_stage') == 7",
				"components":{
					"minecraft:material_instances": {
						"*": {
							"texture": "battery_7",
							"render_method": "alpha_test"
						}
					}
				}
			},
			{
				"condition":"q.block_state('vatonage:power_stage') == 8",
				"components":{
					"minecraft:material_instances": {
						"*": {
							"texture": "battery_8",
							"render_method": "alpha_test"
						}
					}
				}
			},
			{
				"condition":"q.block_state('vatonage:power_stage') == 9",
				"components":{
					"minecraft:material_instances": {
						"*": {
							"texture": "battery_9",
							"render_method": "alpha_test"
						}
					}
				}
			},
			{
				"condition":"q.block_state('vatonage:power_stage') == 10",
				"components":{
					"minecraft:material_instances": {
						"*": {
							"texture": "battery_10",
							"render_method": "alpha_test"
						}
					}
				}
			},
			{
				"condition":"q.block_state('vatonage:power_stage') == 11",
				"components":{
					"minecraft:material_instances": {
						"*": {
							"texture": "battery_11",
							"render_method": "alpha_test"
						}
					}
				}
			},
			{
				"condition":"q.block_state('vatonage:power_stage') == 12",
				"components":{
					"minecraft:material_instances": {
						"*": {
							"texture": "battery_12",
							"render_method": "alpha_test"
						}
					}
				}
			},
			{
				"condition":"q.block_state('vatonage:power_stage') == 13",
				"components":{
					"minecraft:material_instances": {
						"*": {
							"texture": "battery_13",
							"render_method": "alpha_test"
						}
					}
				}
			},
			{
				"condition":"q.block_state('vatonage:power_stage') == 14",
				"components":{
					"minecraft:material_instances": {
						"*": {
							"texture": "battery_14",
							"render_method": "alpha_test"
						}
					}
				}
			},
			{
				"condition":"q.block_state('vatonage:power_stage') == 15",
				"components":{
					"minecraft:material_instances": {
						"*": {
							"texture": "battery_15",
							"render_method": "alpha_test"
						}
					}
				}
			}
		]
	}
}