{
	"format_version": "1.20.60",
	"minecraft:block": {
		"description": {
			"identifier": "vatonage:block_placer",
            "menu_category": {
                "category": "items",
                "group": "itemGroup.name.basic",
                "is_hidden_in_commands": false
            },
            "traits": {
                "minecraft:placement_direction":{
                    "enabled_states": ["minecraft:cardinal_direction"],
					"y_rotation_offset": 180
                }
			}
		},
		"components": {
			"tag:vatonageblock": {},
			"minecraft:transformation": {
			  "rotation": [
				0,
				180,
				0
			]},
			"minecraft:material_instances": {
				"*": {
					"texture": "block_placer",
					"render_method": "alpha_test"
				}
			},
			"minecraft:selection_box": {
				"origin": [-8,0,-8],
				"size": [16,16,16]
			},
			"minecraft:collision_box": {
				"origin": [-8,0,-8],
				"size": [16,16,16]
			},
			"minecraft:geometry": "geometry.block_placer",
			"minecraft:destructible_by_mining": {
			  "seconds_to_destroy": 1
			},
			"tag:rf_receiver": {},
			"tag:rf_input": {},
			"minecraft:light_dampening": 0
		},
		"permutations": [
			{
				"condition": "query.block_state('minecraft:cardinal_direction') == 'north'",
				"components": {
					"minecraft:transformation": {
					  "rotation": [
						0,
						180,
						0
					]}
				}
			},
			{
				"condition": "query.block_state('minecraft:cardinal_direction') == 'south'",
				"components": {
					"minecraft:transformation": {
					  "rotation": [
						0,
						0,
						0
					]}
				}
			},
			{
				"condition": "query.block_state('minecraft:cardinal_direction') == 'west'",
				"components": {
					"minecraft:transformation": {
					  "rotation": [
						0,
						270,
						0
					]}
				}
			},
			{
				"condition": "query.block_state('minecraft:cardinal_direction') == 'east'",
				"components": {
					"minecraft:transformation": {
					  "rotation": [
						0,
						90,
						0
					]}
				}
			}
		]
	}
}