{
	"format_version": "1.20.50",
	"minecraft:block": {
		"description": {
			"identifier": "vatonage:coal_generator",
            "menu_category": {
                "category": "construction",
                "group": "itemGroup.name.basic",
                "is_hidden_in_commands": false
            },
			"states": {
				"vatonage:state":["fds","default"]
			},
            "traits": {
                "minecraft:placement_direction":{
                    "enabled_states": ["minecraft:cardinal_direction"],
					"y_rotation_offset": 180
                }
			}
		},
		"components": {
			"tag:vatonageblock": {},
			"minecraft:transformation": {
			  "rotation": [
				0,
				180,
				0
			]},
			"minecraft:material_instances": {
				"*": {
					"texture": "coal_generator",
					"render_method": "alpha_test"
				}
			},
			"minecraft:selection_box": {
				"origin": [ -8, 0, -8],
				"size": [ 16, 16, 16]
			},
			"minecraft:collision_box": {
				"origin": [ -8, 0, -8],
				"size": [ 16, 16, 16]
			},
			"minecraft:geometry": "geometry.coal_generator",
			"minecraft:destructible_by_mining": true,
			"tag:rf_source":{},
			"tag:rf_output":{},
			"tag:conveyor_connect":{},
			"minecraft:light_dampening": 0
		},
		"permutations":[
			{
			  "condition": "query.block_state('minecraft:cardinal_direction') == 'north'",
			  "components": {    
				"minecraft:transformation": {
				  "rotation": [0, 180, 0]
				}
			  }
		  },
		  {
			  "condition": "query.block_state('minecraft:cardinal_direction') == 'west'",
			  "components": {    
				"minecraft:transformation": {
				  "rotation": [0, 270, 0]
				}
			  }
		  },
		  {
			"condition": "query.block_state('minecraft:cardinal_direction') == 'south'",
			"components": {    
			  "minecraft:transformation": {
				"rotation": [0, 0, 0]
			  }
			}
		},
		{
			"condition": "query.block_state('minecraft:cardinal_direction') == 'east'",
			"components": {    
			  "minecraft:transformation": {
				"rotation": [0, 90, 0]
				  }
				}
			}
		]
	}
}