{
	"format_version": "1.20.50",
	"minecraft:block": {
		"description": {
			"identifier": "vatonage:modification_station",
            "menu_category": {
                "category": "construction",
                "group": "itemGroup.name.basic",
                "is_hidden_in_commands": false
            },
			"states":{
			}
		},
		"components": {
			"tag:vatonageblock": {},
			"minecraft:material_instances": {
				"*": {
					"texture": "modification_station",
					"render_method": "alpha_test"
				}
			},
			"minecraft:selection_box": {
				"origin": [ -8, 0, -8],
				"size": [ 16, 16, 16]
			},
			"minecraft:collision_box": {
				"origin": [ -8, 0, -8],
				"size": [ 16, 16, 16]
			},
			"minecraft:geometry": {
				"identifier": "geometry.modification_station"
			},
			"tag:conveyor_connect":{},
			"tag:rf_receiver":{},
			"tag:gas_source":{},
			"minecraft:destructible_by_mining": true,
			"minecraft:light_dampening": 0
		},   
		"permutations": [
		]
	}
}