{
	"format_version": "1.20.60",
	"minecraft:block": {
		"description": {
			"identifier": "vatonage:monster_masher",
            "menu_category": {
                "category": "items",
                "group": "itemGroup.name.basic",
                "is_hidden_in_commands": false
            }
		},
		"components": {
			"tag:vatonageblock": {},
			"minecraft:material_instances": {
				"*": {
					"texture": "monster_masher",
					"render_method": "alpha_test"
				}
			},
			"minecraft:selection_box": {
				"origin": [-8,0,-8],
				"size": [16,16,16]
			},
			"minecraft:collision_box": {
				"origin": [-8,0,-8],
				"size": [16,16,16]
			},
			"minecraft:geometry": "geometry.monster_masher",
			"minecraft:destructible_by_mining": {
			  "seconds_to_destroy": 1
			},
			"tag:rf_receiver": {},
			"tag:rf_input": {},
			"minecraft:light_dampening": 0
		}
	}
}