{
	"format_version": "1.20.50",
	"minecraft:block": {
		"description": {
			"identifier": "vatonage:powered_furnace",
            "menu_category": {
                "category": "construction",
                "group": "itemGroup.name.basic",
                "is_hidden_in_commands": false
            },
			"states":{
				"vatonage:on":[0,1],
				"vatonage:above":["gasOutput", "none"],
				"vatonage:north":["rfInput", "none"],
				"vatonage:south":["rfInput", "none"],
				"vatonage:west":["rfInput", "none"],
				"vatonage:east":["rfInput", "none"]
			},
            "traits": {
                "minecraft:placement_direction":{
                    "enabled_states": ["minecraft:cardinal_direction"]
                }
			}
		},
		"components": {
			"tag:vatonageblock": {},
			"minecraft:material_instances": {
				"*": {
					"texture": "powered_furnace",
					"render_method": "alpha_test"
				}
			},
			"minecraft:selection_box": {
				"origin": [ -8, 0, -8],
				"size": [ 16, 16, 16]
			},
			"minecraft:collision_box": {
				"origin": [ -8, 0, -8],
				"size": [ 16, 3, 16]
			},
			"minecraft:geometry": {
				"identifier": "geometry.powered_furnace"
			},
			"tag:conveyor_connect":{},
			"tag:rf_receiver":{},
			"tag:gas_source":{},
			"minecraft:destructible_by_mining": true,
			"minecraft:light_dampening": 0
		},   
		"permutations": [
			{
			  "condition": "query.block_state('minecraft:cardinal_direction') == 'north'",
			  "components": {    
				"minecraft:transformation": {
				  "rotation": [0, 0, 0]
				}
			  }
		  },
		  {
			  "condition": "query.block_state('minecraft:cardinal_direction') == 'west'",
			  "components": {    
				"minecraft:transformation": {
				  "rotation": [0, 90, 0]
				}
			  }
		  },
		  {
			"condition": "query.block_state('minecraft:cardinal_direction') == 'south'",
			"components": {    
			  "minecraft:transformation": {
				"rotation": [0, 180, 0]
			  }
			}
		},
		{
			"condition": "query.block_state('minecraft:cardinal_direction') == 'east'",
			"components": {    
			  "minecraft:transformation": {
				"rotation": [0, -90, 0]
				  }
				}
			},
		{
			"condition": "query.block_state('vatonage:on') == 0",
			"components": {   
				"minecraft:material_instances": {
					"*": {
						"texture": "powered_furnace",
						"render_method": "alpha_test"
					}
					}
				}
			},
		{
			"condition": "query.block_state('vatonage:on') == 1",
			"components": {   
				"minecraft:material_instances": {
					"*": {
						"texture": "powered_furnace_on",
						"render_method": "alpha_test"
					}
					}
				}
			}
		]
	}
}