{
	"format_version": "1.20.50",
	"minecraft:block": {
		"description": {
			"identifier": "vatonage:power_wireless",
            "menu_category": {
                "category": "construction",
                "group": "itemGroup.name.basic",
                "is_hidden_in_commands": false
            },
			"states": {
				"vatonage:state":["transmitter","receiver"]
			}
		},
		"components": {
			"tag:vatonageblock": {},
			"minecraft:material_instances": {
				"*": {
					"texture": "power_transmitter",
					"render_method": "alpha_test"
				}
			},
			"minecraft:selection_box": {
				"origin": [ -8, 0, -8],
				"size": [ 16, 16, 16]
			},
			"minecraft:collision_box": {
				"origin": [ -8, 0, -8],
				"size": [ 16, 16, 16]
			},
			"minecraft:geometry": "geometry.power_transmitter",
			"minecraft:destructible_by_mining": true,
			"minecraft:light_dampening": 0
		},
		"permutations":[
			{
				"condition":"q.block_state('vatonage:state') == 'transmitter'",
				"components":{
					"minecraft:geometry": "geometry.power_transmitter",
					"tag:rf_input":{},
					"tag:rf_receiver":{},
					"minecraft:material_instances": {
						"*": {
							"texture": "power_transmitter",
							"render_method": "alpha_test"
						}
					}
				}
			},
			{
				"condition":"q.block_state('vatonage:state') == 'receiver'",
				"components":{
					"minecraft:geometry": "geometry.power_receiver",
					"tag:rf_output":{},
					"minecraft:material_instances": {
						"*": {
							"texture": "power_receiver",
							"render_method": "alpha_test"
						}
					}
				}
			}
		]
	}
}