{
	"format_version": "1.12.0",
	"minecraft:geometry": [
		{
			"description": {
				"identifier": "geometry.battery",
				"texture_width": 128,
				"texture_height": 128,
				"visible_bounds_width": 2,
				"visible_bounds_height": 2.5,
				"visible_bounds_offset": [0, 0.75, 0]
			},
			"bones": [
				{
					"name": "display",
					"pivot": [0, 0, 0],
					"cubes": [
						{"origin": [7, 3, -4], "size": [1, 9, 8], "pivot": [0, 0, 0], "rotation": [0, 180, 0], "uv": [43, 14]},
						{"origin": [7, 3, -4], "size": [1, 9, 8], "pivot": [0, 0, 0], "rotation": [0, 90, 0], "uv": [43, 14]}
					]
				},
				{
					"name": "base",
					"pivot": [0, 0, 0],
					"cubes": [
						{"origin": [-6, 0, -6], "size": [12, 3, 12], "uv": [0, 42]},
						{"origin": [-7, 3, -7], "size": [14, 9, 14], "uv": [0, 18]},
						{"origin": [-6, 12, -6], "size": [12, 3, 12], "uv": [0, 2]}
					]
				},
				{
					"name": "display_front",
					"pivot": [0, 0, 0],
					"cubes": [
						{"origin": [7, 3, -4], "size": [1, 9, 8], "uv": [43, 14]},
						{"origin": [7, 3, -4], "size": [1, 9, 8], "pivot": [0, 0, 0], "rotation": [0, -90, 0], "uv": [43, 14]}
					]
				},
				{
					"name": "outlet",
					"pivot": [0, 0, 0],
					"cubes": [
						{"origin": [-3, 15, -3], "size": [6, 1, 6], "uv": [37, 0]},
						{"origin": [-2, 16, -2], "size": [4, 1, 4], "inflate": -0.001, "uv": [37, 8]}
					]
				}
			]
		}
	]
}