{
	"format_version": "1.12.0",
	"minecraft:geometry": [
		{
			"description": {
				"identifier": "geometry.block_breaker",
				"texture_width": 128,
				"texture_height": 128,
				"visible_bounds_width": 2,
				"visible_bounds_height": 2.5,
				"visible_bounds_offset": [
					0,
					0.75,
					0
				]
			},
			"bones": [
				{
					"name": "bone",
					"pivot": [
						0,
						0,
						0
					],
					"cubes": [
						{
							"origin": [
								-8,
								0,
								-8
							],
							"size": [
								16,
								16,
								3
							],
							"uv": [
								0,
								26
							]
						},
						{
							"origin": [
								-7,
								1,
								-5
							],
							"size": [
								14,
								14,
								3
							],
							"uv": [
								38,
								26
							]
						},
						{
							"origin": [
								-8,
								0,
								-2
							],
							"size": [
								16,
								16,
								10
							],
							"uv": [
								0,
								0
							]
						}
					]
				}
			]
		}
	]
}