{
	"format_version": "1.12.0",
	"minecraft:geometry": [
		{
			"description": {
				"identifier": "geometry.chemistry_mixer",
				"texture_width": 128,
				"texture_height": 128,
				"visible_bounds_width": 2,
				"visible_bounds_height": 2.5,
				"visible_bounds_offset": [0, 0.75, 0]
			},
			"bones": [
				{
					"name": "bb_main",
					"pivot": [0, 0, 0],
					"cubes": [
						{
							"origin": [-8, 0, -8],
							"size": [16, 2, 16],
							"uv": {
								"north": {"uv": [48, 44], "uv_size": [16, 2]},
								"east": {"uv": [46, 48], "uv_size": [16, 2]},
								"south": {"uv": [48, 46], "uv_size": [16, 2]},
								"west": {"uv": [50, 6], "uv_size": [16, 2]},
								"up": {"uv": [0, 0], "uv_size": [16, 16]},
								"down": {"uv": [0, 32], "uv_size": [16, -16]}
							}
						},
						{
							"origin": [-7, 2, -7],
							"size": [8, 14, 14],
							"uv": {
								"north": {"uv": [30, 0], "uv_size": [8, 14]},
								"east": {"uv": [16, 0], "uv_size": [14, 14]},
								"south": {"uv": [30, 14], "uv_size": [8, 14]},
								"west": {"uv": [16, 14], "uv_size": [14, 14]},
								"up": {"uv": [0, 32], "uv_size": [8, 14]},
								"down": {"uv": [8, 46], "uv_size": [8, -14]}
							}
						},
						{
							"origin": [1, 2, -6],
							"size": [5, 14, 12],
							"uv": {
								"north": {"uv": [6, 46], "uv_size": [5, 14]},
								"east": {"uv": [16, 28], "uv_size": [12, 14]},
								"south": {"uv": [11, 46], "uv_size": [5, 14]},
								"west": {"uv": [28, 28], "uv_size": [12, 14]},
								"up": {"uv": [46, 20], "uv_size": [5, 12]},
								"down": {"uv": [48, 44], "uv_size": [5, -12]}
							}
						},
						{
							"origin": [1, 3, -7],
							"size": [6, 1, 14],
							"uv": {
								"north": {"uv": [51, 21], "uv_size": [6, 1]},
								"east": {"uv": [50, 16], "uv_size": [14, 1]},
								"south": {"uv": [51, 22], "uv_size": [6, 1]},
								"west": {"uv": [50, 17], "uv_size": [14, 1]},
								"up": {"uv": [38, 0], "uv_size": [6, 14]},
								"down": {"uv": [38, 28], "uv_size": [6, -14]}
							}
						},
						{
							"origin": [1, 5, -7],
							"size": [6, 1, 14],
							"uv": {
								"north": {"uv": [51, 23], "uv_size": [6, 1]},
								"east": {"uv": [50, 18], "uv_size": [14, 1]},
								"south": {"uv": [51, 24], "uv_size": [6, 1]},
								"west": {"uv": [50, 19], "uv_size": [14, 1]},
								"up": {"uv": [40, 28], "uv_size": [6, 14]},
								"down": {"uv": [16, 56], "uv_size": [6, -14]}
							}
						},
						{
							"origin": [1, 7, -7],
							"size": [6, 1, 14],
							"uv": {
								"north": {"uv": [51, 25], "uv_size": [6, 1]},
								"east": {"uv": [46, 50], "uv_size": [14, 1]},
								"south": {"uv": [51, 26], "uv_size": [6, 1]},
								"west": {"uv": [51, 20], "uv_size": [14, 1]},
								"up": {"uv": [22, 42], "uv_size": [6, 14]},
								"down": {"uv": [28, 56], "uv_size": [6, -14]}
							}
						},
						{
							"origin": [1, 9, -7],
							"size": [6, 6, 14],
							"uv": {
								"north": {"uv": [34, 48], "uv_size": [6, 6]},
								"east": {"uv": [34, 42], "uv_size": [14, 6]},
								"south": {"uv": [40, 48], "uv_size": [6, 6]},
								"west": {"uv": [44, 0], "uv_size": [14, 6]},
								"up": {"uv": [44, 6], "uv_size": [6, 14]},
								"down": {"uv": [0, 60], "uv_size": [6, -14]}
							}
						},
						{
							"origin": [-2, 15.6, -2],
							"size": [4, 1, 4],
							"uv": {
								"north": {"uv": [51, 27], "uv_size": [4, 1]},
								"east": {"uv": [51, 28], "uv_size": [4, 1]},
								"south": {"uv": [51, 29], "uv_size": [4, 1]},
								"west": {"uv": [51, 30], "uv_size": [4, 1]},
								"up": {"uv": [50, 8], "uv_size": [4, 4]},
								"down": {"uv": [50, 16], "uv_size": [4, -4]}
							}
						},
						{
							"origin": [-1, 16.2, -1],
							"size": [2, 1, 2],
							"uv": {
								"north": {"uv": [44, 24], "uv_size": [2, 1]},
								"east": {"uv": [44, 25], "uv_size": [2, 1]},
								"south": {"uv": [44, 26], "uv_size": [2, 1]},
								"west": {"uv": [44, 27], "uv_size": [2, 1]},
								"up": {"uv": [44, 20], "uv_size": [2, 2]},
								"down": {"uv": [44, 24], "uv_size": [2, -2]}
							}
						}
					]
				}
			]
		}
	]
}