{
	"format_version": "1.12.0",
	"minecraft:geometry": [
		{
			"description": {
				"identifier": "geometry.cobblestone_generator",
				"texture_width": 128,
				"texture_height": 128,
				"visible_bounds_width": 2,
				"visible_bounds_height": 2.5,
				"visible_bounds_offset": [
					0,
					0.75,
					0
				]
			},
			"bones": [
				{
					"name": "bone",
					"pivot": [
						0,
						0,
						0
					],
					"cubes": [
						{
							"origin": [
								-8,
								0,
								-8
							],
							"size": [
								16,
								3,
								16
							],
							"uv": [
								0,
								19
							]
						},
						{
							"origin": [
								-7,
								3,
								-7
							],
							"size": [
								5,
								10,
								5
							],
							"inflate": -0.1,
							"uv": [
								20,
								62
							]
						},
						{
							"origin": [
								-7,
								3,
								2
							],
							"size": [
								5,
								10,
								5
							],
							"inflate": -0.1,
							"uv": [
								48,
								19
							]
						},
						{
							"origin": [
								-2,
								3,
								-7
							],
							"size": [
								4,
								10,
								14
							],
							"inflate": -0.1,
							"uv": [
								42,
								48
							]
						},
						{
							"origin": [
								2,
								3,
								-7
							],
							"size": [
								5,
								10,
								5
							],
							"inflate": -0.1,
							"uv": [
								63,
								33
							]
						},
						{
							"origin": [
								-7,
								3,
								-2
							],
							"size": [
								14,
								10,
								4
							],
							"inflate": -0.1,
							"uv": [
								48,
								0
							]
						},
						{
							"origin": [
								2,
								3,
								2
							],
							"size": [
								5,
								10,
								5
							],
							"inflate": -0.1,
							"uv": [
								0,
								62
							]
						},
						{
							"origin": [
								-7,
								3,
								-7
							],
							"size": [
								14,
								10,
								14
							],
							"uv": [
								0,
								38
							]
						},
						{
							"origin": [
								-8,
								13,
								-8
							],
							"size": [
								16,
								3,
								16
							],
							"uv": [
								0,
								0
							]
						}
					]
				}
			]
		}
	]
}