{
	"format_version": "1.12.0",
	"minecraft:geometry": [
		{
			"description": {
				"identifier": "geometry.conveyor",
				"texture_width": 64,
				"texture_height": 64,
				"visible_bounds_width": 3,
				"visible_bounds_height": 2.5,
				"visible_bounds_offset": [0, 0.75, 0]
			},
			"bones": [
				{
					"name": "regular",
					"pivot": [0, 0, 0]
				},
				{
					"name": "walls",
					"parent": "regular",
					"pivot": [0, 0, 0],
					"rotation": [0, 180, 0]
				},
				{
					"name": "south",
					"parent": "walls",
					"pivot": [0, 0, 13],
					"rotation": [0, 90, 0],
					"cubes": [
						{"origin": [5, 0, 8], "size": [3, 3, 10], "pivot": [6.5, 1.5, 13], "rotation": [0, 180, 0], "uv": [6, 51]}
					]
				},
				{
					"name": "north",
					"parent": "walls",
					"pivot": [0, 0, 0],
					"rotation": [0, 90, 0],
					"cubes": [
						{"origin": [5, 0, -5], "size": [3, 3, 10], "uv": [6, 51]}
					]
				},
				{
					"name": "west",
					"parent": "walls",
					"pivot": [0, 0, 0],
					"cubes": [
						{"origin": [5, 0, -8], "size": [3, 3, 16], "uv": [0, 18]}
					]
				},
				{
					"name": "east",
					"parent": "walls",
					"pivot": [0, 0, 0],
					"cubes": [
						{"origin": [-8, 0, -8], "size": [3, 3, 16], "uv": [22, 21]}
					]
				},
				{
					"name": "conveyor",
					"parent": "regular",
					"pivot": [0, 0, 0],
					"rotation": [0, 180, 0],
					"cubes": [
						{"origin": [-5, 0, -5], "size": [10, 2, 10], "uv": [24, 49]}
					]
				},
				{
					"name": "east_ground",
					"parent": "conveyor",
					"pivot": [0, 0, 0],
					"cubes": [
						{"origin": [-5, 0, 5], "size": [10, 2, 3], "pivot": [0, 0, 0], "rotation": [0, -90, 0], "uv": [13, 13]}
					]
				},
				{
					"name": "west_ground",
					"parent": "conveyor",
					"pivot": [0, 0, 0],
					"cubes": [
						{"origin": [-5, 0, 5], "size": [10, 2, 3], "pivot": [0, 0, 0], "rotation": [0, 90, 0], "uv": [13, 13]}
					]
				},
				{
					"name": "north_ground",
					"parent": "conveyor",
					"pivot": [0, 0, -13],
					"rotation": [0, -90, 0],
					"cubes": [
						{"origin": [-5, 0, -8], "size": [10, 2, 3], "pivot": [0, 0, -13], "rotation": [0, 90, 0], "uv": [13, 13]}
					]
				},
				{
					"name": "south_ground",
					"parent": "conveyor",
					"pivot": [0, 0, 0],
					"rotation": [0, 90, 0],
					"cubes": [
						{"origin": [-18, 0, 5], "size": [10, 2, 3], "pivot": [-13, 0, 0], "rotation": [0, 90, 0], "uv": [13, 13]}
					]
				},
				{
					"name": "bone",
					"parent": "conveyor",
					"pivot": [0, 0, 0]
				},
				{
					"name": "corners",
					"parent": "regular",
					"pivot": [0, 0, 0],
					"rotation": [0, 180, 0],
					"cubes": [
						{"origin": [5, 0, 5], "size": [3, 3, 3], "pivot": [6.5, 1.5, 6.5], "rotation": [0, -90, 0], "uv": [13, 31]},
						{"origin": [5, 0, -8], "size": [3, 3, 3], "uv": [13, 31]},
						{"origin": [-8, 0, 5], "size": [3, 3, 3], "pivot": [-6.5, 1.5, 6.5], "rotation": [0, 90, 0], "uv": [35, 34]},
						{"origin": [-8, 0, -8], "size": [3, 3, 3], "uv": [35, 34]}
					]
				}
			]
		}
	]
}