{
	"format_version": "1.12.0",
	"minecraft:geometry": [
		{
			"description": {
				"identifier": "geometry.exp_transmitter",
				"texture_width": 32,
				"texture_height": 32,
				"visible_bounds_width": 2,
				"visible_bounds_height": 2.5,
				"visible_bounds_offset": [
					0,
					0.75,
					0
				]
			},
			"bones": [
				{
					"name": "bone",
					"pivot": [
						0,
						0,
						0
					],
					"cubes": [
						{
							"origin": [
								-1,
								5,
								-1
							],
							"size": [
								2,
								3,
								2
							],
							"uv": [
								12,
								12
							]
						},
						{
							"origin": [
								-1.5,
								8,
								-1.5
							],
							"size": [
								3,
								6,
								3
							],
							"uv": [
								0,
								12
							]
						},
						{
							"origin": [
								-2,
								14,
								-2
							],
							"size": [
								4,
								1,
								4
							],
							"uv": [
								0,
								7
							]
						},
						{
							"origin": [
								-3,
								15,
								-3
							],
							"size": [
								6,
								1,
								6
							],
							"uv": [
								0,
								0
							]
						}
					]
				}
			]
		}
	]
}