{
	"format_version": "1.12.0",
	"minecraft:geometry": [
		{
			"description": {
				"identifier": "geometry.graphene_factory",
				"texture_width": 128,
				"texture_height": 128,
				"visible_bounds_width": 2,
				"visible_bounds_height": 2.5,
				"visible_bounds_offset": [0, 0.75, 0]
			},
			"bones": [
				{
					"name": "bb_main",
					"pivot": [0, 0, 0],
					"cubes": [
						{
							"origin": [-8, 0, -8],
							"size": [16, 2, 16],
							"uv": {
								"north": {"uv": [44, 11], "uv_size": [16, 2]},
								"east": {"uv": [50, 0], "uv_size": [16, 2]},
								"south": {"uv": [50, 2], "uv_size": [16, 2]},
								"west": {"uv": [50, 4], "uv_size": [16, 2]},
								"up": {"uv": [0, 0], "uv_size": [16, 16]},
								"down": {"uv": [0, 32], "uv_size": [16, -16]}
							}
						},
						{
							"origin": [-3, 2, 6],
							"size": [6, 11, 2],
							"uv": {
								"north": {"uv": [42, 37], "uv_size": [6, 11]},
								"east": {"uv": [40, 53], "uv_size": [2, 11]},
								"south": {"uv": [44, 0], "uv_size": [6, 11]},
								"west": {"uv": [54, 13], "uv_size": [2, 11]},
								"up": {"uv": [54, 38], "uv_size": [6, 2]},
								"down": {"uv": [54, 42], "uv_size": [6, -2]}
							}
						},
						{
							"origin": [-3, 2, -8],
							"size": [6, 11, 2],
							"uv": {
								"north": {"uv": [0, 46], "uv_size": [6, 11]},
								"east": {"uv": [24, 54], "uv_size": [2, 11]},
								"south": {"uv": [6, 46], "uv_size": [6, 11]},
								"west": {"uv": [54, 24], "uv_size": [2, 11]},
								"up": {"uv": [42, 54], "uv_size": [6, 2]},
								"down": {"uv": [54, 44], "uv_size": [6, -2]}
							}
						},
						{
							"origin": [6, 2, -3],
							"size": [2, 11, 6],
							"uv": {
								"north": {"uv": [36, 53], "uv_size": [2, 11]},
								"east": {"uv": [42, 26], "uv_size": [6, 11]},
								"south": {"uv": [38, 53], "uv_size": [2, 11]},
								"west": {"uv": [36, 42], "uv_size": [6, 11]},
								"up": {"uv": [30, 54], "uv_size": [2, 6]},
								"down": {"uv": [32, 60], "uv_size": [2, -6]}
							}
						},
						{
							"origin": [-8, 2, -3],
							"size": [2, 11, 6],
							"uv": {
								"north": {"uv": [26, 54], "uv_size": [2, 11]},
								"east": {"uv": [48, 26], "uv_size": [6, 11]},
								"south": {"uv": [28, 54], "uv_size": [2, 11]},
								"west": {"uv": [48, 37], "uv_size": [6, 11]},
								"up": {"uv": [34, 54], "uv_size": [2, 6]},
								"down": {"uv": [54, 50], "uv_size": [2, -6]}
							}
						},
						{
							"origin": [-6, 2, -6],
							"size": [12, 14, 12],
							"uv": {
								"north": {"uv": [30, 14], "uv_size": [12, 14]},
								"east": {"uv": [30, 28], "uv_size": [12, 14]},
								"south": {"uv": [0, 32], "uv_size": [12, 14]},
								"west": {"uv": [12, 42], "uv_size": [12, 14]},
								"up": {"uv": [42, 14], "uv_size": [12, 12]},
								"down": {"uv": [24, 54], "uv_size": [12, -12]}
							}
						},
						{
							"origin": [-7, 13, -7],
							"size": [14, 1, 14],
							"uv": {
								"north": {"uv": [50, 6], "uv_size": [14, 1]},
								"east": {"uv": [50, 7], "uv_size": [14, 1]},
								"south": {"uv": [50, 8], "uv_size": [14, 1]},
								"west": {"uv": [50, 9], "uv_size": [14, 1]},
								"up": {"uv": [16, 0], "uv_size": [14, 14]},
								"down": {"uv": [16, 28], "uv_size": [14, -14]}
							}
						},
						{
							"origin": [-7, 3, -7],
							"size": [14, 1, 14],
							"uv": {
								"north": {"uv": [50, 10], "uv_size": [14, 1]},
								"east": {"uv": [54, 35], "uv_size": [14, 1]},
								"south": {"uv": [54, 36], "uv_size": [14, 1]},
								"west": {"uv": [54, 37], "uv_size": [14, 1]},
								"up": {"uv": [16, 28], "uv_size": [14, 14]},
								"down": {"uv": [30, 14], "uv_size": [14, -14]}
							}
						},
						{
							"origin": [-3, 16, -3],
							"size": [6, 1, 6],
							"uv": {
								"north": {"uv": [44, 13], "uv_size": [6, 1]},
								"east": {"uv": [48, 54], "uv_size": [6, 1]},
								"south": {"uv": [54, 50], "uv_size": [6, 1]},
								"west": {"uv": [54, 51], "uv_size": [6, 1]},
								"up": {"uv": [42, 48], "uv_size": [6, 6]},
								"down": {"uv": [48, 54], "uv_size": [6, -6]}
							}
						},
						{
							"origin": [-2, 17, -2],
							"size": [4, 1, 4],
							"uv": {
								"north": {"uv": [12, 40], "uv_size": [4, 1]},
								"east": {"uv": [12, 41], "uv_size": [4, 1]},
								"south": {"uv": [50, 13], "uv_size": [4, 1]},
								"west": {"uv": [54, 52], "uv_size": [4, 1]},
								"up": {"uv": [12, 32], "uv_size": [4, 4]},
								"down": {"uv": [12, 40], "uv_size": [4, -4]}
							}
						}
					]
				}
			]
		}
	]
}