{
	"format_version": "1.12.0",
	"minecraft:geometry": [
		{
			"description": {
				"identifier": "geometry.impact_reactor",
				"texture_width": 128,
				"texture_height": 128,
				"visible_bounds_width": 3,
				"visible_bounds_height": 2.5,
				"visible_bounds_offset": [
					0,
					0.75,
					0
				]
			},
			"bones": [
				{
					"name": "bone",
					"pivot": [
						0,
						0,
						0
					],
					"cubes": [
						{
							"origin": [
								-8,
								0.1,
								-8
							],
							"size": [
								16,
								0,
								16
							],
							"uv": [
								-16,
								92
							]
						},
						{
							"origin": [
								-8,
								0,
								3
							],
							"size": [
								16,
								13,
								0
							],
							"uv": [
								32,
								42
							]
						},
						{
							"origin": [
								-8,
								0,
								-3
							],
							"size": [
								16,
								13,
								0
							],
							"uv": [
								0,
								29
							]
						},
						{
							"origin": [
								-8,
								0,
								3
							],
							"size": [
								16,
								13,
								0
							],
							"pivot": [
								0,
								0,
								0
							],
							"rotation": [
								0,
								90,
								0
							],
							"uv": [
								0,
								42
							]
						},
						{
							"origin": [
								-8,
								0,
								-3
							],
							"size": [
								16,
								13,
								0
							],
							"pivot": [
								0,
								0,
								0
							],
							"rotation": [
								0,
								90,
								0
							],
							"uv": [
								32,
								29
							]
						},
						{
							"origin": [
								-8,
								12.9,
								-8
							],
							"size": [
								16,
								0,
								16
							],
							"uv": [
								-16,
								108
							]
						},
						{
							"origin": [
								-8,
								0,
								-8
							],
							"size": [
								16,
								13,
								16
							],
							"uv": [
								0,
								0
							]
						},
						{
							"origin": [
								-7,
								13,
								-7
							],
							"size": [
								14,
								3,
								3
							],
							"uv": [
								64,
								18
							]
						},
						{
							"origin": [
								-7,
								13,
								-4
							],
							"size": [
								3,
								3,
								8
							],
							"uv": [
								76,
								34
							]
						},
						{
							"origin": [
								4,
								13,
								-4
							],
							"size": [
								3,
								3,
								8
							],
							"uv": [
								59,
								76
							]
						},
						{
							"origin": [
								-7,
								13,
								4
							],
							"size": [
								14,
								3,
								3
							],
							"uv": [
								61,
								52
							]
						}
					]
				},
				{
					"name": "carbon",
					"pivot": [
						0,
						0,
						0
					],
					"cubes": [
						{
							"origin": [
								-8,
								0,
								-8
							],
							"size": [
								5,
								13,
								5
							],
							"inflate": -0.1,
							"uv": [
								0,
								74
							]
						},
						{
							"origin": [
								3,
								0,
								3
							],
							"size": [
								5,
								13,
								5
							],
							"inflate": -0.1,
							"uv": [
								39,
								73
							]
						}
					]
				},
				{
					"name": "oxygen",
					"pivot": [
						0,
						0,
						9
					],
					"cubes": [
						{
							"origin": [
								-8,
								0,
								3
							],
							"size": [
								5,
								13,
								5
							],
							"inflate": -0.1,
							"uv": [
								66,
								58
							]
						},
						{
							"origin": [
								3,
								0,
								-8
							],
							"size": [
								5,
								13,
								5
							],
							"inflate": -0.1,
							"uv": [
								64,
								24
							]
						}
					]
				},
				{
					"name": "water",
					"pivot": [
						0,
						0,
						-1
					],
					"cubes": [
						{
							"origin": [
								-8,
								0,
								-3
							],
							"size": [
								5,
								13,
								6
							],
							"inflate": -0.1,
							"uv": [
								22,
								55
							]
						},
						{
							"origin": [
								3,
								0,
								-3
							],
							"size": [
								5,
								13,
								6
							],
							"inflate": -0.1,
							"uv": [
								0,
								55
							]
						},
						{
							"origin": [
								-3,
								0,
								-8
							],
							"size": [
								6,
								13,
								5
							],
							"inflate": -0.1,
							"uv": [
								64,
								0
							]
						},
						{
							"origin": [
								-3,
								0,
								3
							],
							"size": [
								6,
								13,
								5
							],
							"inflate": -0.1,
							"uv": [
								44,
								55
							]
						}
					]
				}
			]
		}
	]
}