{
	"format_version": "1.12.0",
	"minecraft:geometry": [
		{
			"description": {
				"identifier": "geometry.item_magnet",
				"texture_width": 64,
				"texture_height": 64,
				"visible_bounds_width": 2,
				"visible_bounds_height": 2.5,
				"visible_bounds_offset": [
					0,
					0.75,
					0
				]
			},
			"bones": [
				{
					"name": "bone",
					"pivot": [
						0,
						0,
						0
					],
					"cubes": [
						{
							"origin": [
								-8,
								0,
								-8
							],
							"size": [
								16,
								3,
								16
							],
							"uv": [
								0,
								0
							]
						},
						{
							"origin": [
								-4,
								3,
								-2
							],
							"size": [
								8,
								3,
								4
							],
							"uv": [
								0,
								19
							]
						},
						{
							"origin": [
								-7,
								5,
								-2
							],
							"size": [
								3,
								11,
								4
							],
							"uv": [
								20,
								22
							]
						},
						{
							"origin": [
								4,
								5,
								-2
							],
							"size": [
								3,
								11,
								4
							],
							"uv": [
								0,
								0
							]
						}
					]
				}
			]
		}
	]
}