{
	"format_version": "1.12.0",
	"minecraft:geometry": [
		{
			"description": {
				"identifier": "geometry.item_filter",
				"texture_width": 128,
				"texture_height": 128,
				"visible_bounds_width": 2,
				"visible_bounds_height": 2.5,
				"visible_bounds_offset": [0, 0.75, 0]
			},
			"bones": [
				{
					"name": "conveyor",
					"pivot": [0, 0, 0],
					"cubes": [
						{"origin": [-8, 0, -8], "size": [16, 2, 16], "uv": [0, 20]},
						{"origin": [-8, 2, -8], "size": [3, 8, 3], "uv": [41, 39]},
						{"origin": [-5, 2, -6], "size": [10, 8, 0], "pivot": [0, 0, 0], "rotation": [0, 90, 0], "uv": [49, 20]},
						{"origin": [-5, 2, -6], "size": [10, 8, 0], "uv": [49, 20]},
						{"origin": [-5, 2, -5], "size": [10, 8, 10], "uv": [0, 39]},
						{"origin": [-8, 2, -8], "size": [3, 8, 3], "pivot": [0, 2, 0], "rotation": [0, -90, 0], "uv": [41, 39]},
						{"origin": [-8, 2, -8], "size": [3, 8, 3], "pivot": [0, 2, 0], "rotation": [0, 90, 0], "uv": [41, 39]},
						{"origin": [-5, 2, -6], "size": [10, 8, 0], "pivot": [0, 0, 0], "rotation": [0, -90, 0], "uv": [49, 20]},
						{"origin": [-5, 2, -6], "size": [10, 8, 0], "pivot": [0, 0, 0], "rotation": [-180, 0, 180], "uv": [49, 20]},
						{"origin": [-8, 2, -8], "size": [3, 8, 3], "pivot": [0, 2, 0], "rotation": [-180, 0, 180], "uv": [41, 39]},
						{"origin": [-8, 10, -8], "size": [16, 3, 16], "uv": [0, 0]}
					]
				}
			]
		}
	]
}