{
	"format_version": "1.12.0",
	"minecraft:geometry": [
		{
			"description": {
				"identifier": "geometry.pipe",
				"texture_width": 64,
				"texture_height": 64,
				"visible_bounds_width": 3,
				"visible_bounds_height": 2.5,
				"visible_bounds_offset": [0, 0.75, 0]
			},
			"bones": [
				{
					"name": "center",
					"pivot": [0, 0, 0],
					"cubes": [
						{"origin": [-2, 6, -2], "size": [4, 4, 4], "uv": [0, 27]}
					]
				},
				{
					"name": "north",
					"pivot": [0, 0, 0],
					"rotation": [0, -90, 0],
					"cubes": [
						{
							"origin": [-6, 6, -2],
							"size": [4, 4, 4],
							"uv": {
								"north": {"uv": [4, 13], "uv_size": [4, 4]},
								"east": {"uv": [0, 13], "uv_size": [4, 4]},
								"south": {"uv": [16, 13], "uv_size": [4, 4]},
								"west": {"uv": [10, 13], "uv_size": [4, 4]},
								"up": {"uv": [4, 9], "uv_size": [4, 4]},
								"down": {"uv": [10, 13], "uv_size": [4, -4]}
							}
						}
					]
				},
				{
					"name": "south",
					"pivot": [0, 0, 0],
					"rotation": [0, 90, 0],
					"cubes": [
						{
							"origin": [-6, 6, -2],
							"size": [4, 4, 4],
							"uv": {
								"north": {"uv": [4, 13], "uv_size": [4, 4]},
								"east": {"uv": [0, 13], "uv_size": [4, 4]},
								"south": {"uv": [16, 13], "uv_size": [4, 4]},
								"west": {"uv": [10, 13], "uv_size": [4, 4]},
								"up": {"uv": [4, 9], "uv_size": [4, 4]},
								"down": {"uv": [10, 13], "uv_size": [4, -4]}
							}
						}
					]
				},
				{
					"name": "east",
					"pivot": [0, 0, 0],
					"cubes": [
						{
							"origin": [-6, 6, -2],
							"size": [4, 4, 4],
							"uv": {
								"north": {"uv": [4, 13], "uv_size": [4, 4]},
								"east": {"uv": [0, 13], "uv_size": [4, 4]},
								"south": {"uv": [16, 13], "uv_size": [4, 4]},
								"west": {"uv": [10, 13], "uv_size": [4, 4]},
								"up": {"uv": [4, 9], "uv_size": [4, 4]},
								"down": {"uv": [10, 13], "uv_size": [4, -4]}
							}
						}
					]
				},
				{
					"name": "west",
					"pivot": [0, 0, 0],
					"rotation": [0, 180, 0],
					"cubes": [
						{
							"origin": [-6, 6, -2],
							"size": [4, 4, 4],
							"uv": {
								"north": {"uv": [4, 13], "uv_size": [4, 4]},
								"east": {"uv": [0, 13], "uv_size": [4, 4]},
								"south": {"uv": [16, 13], "uv_size": [4, 4]},
								"west": {"uv": [10, 13], "uv_size": [4, 4]},
								"up": {"uv": [4, 9], "uv_size": [4, 4]},
								"down": {"uv": [10, 13], "uv_size": [4, -4]}
							}
						}
					]
				},
				{
					"name": "up",
					"pivot": [0, 8, 0],
					"rotation": [0, 180, -90],
					"cubes": [
						{
							"origin": [-6, 6, -2],
							"size": [4, 4, 4],
							"uv": {
								"north": {"uv": [4, 9], "uv_size": [4, 4]},
								"east": {"uv": [0, 13], "uv_size": [4, 4]},
								"south": {"uv": [5, 9], "uv_size": [4, 4]},
								"west": {"uv": [10, 13], "uv_size": [4, 4]},
								"up": {"uv": [4, 9], "uv_size": [4, 4]},
								"down": {"uv": [4, 13], "uv_size": [4, -4]}
							}
						}
					]
				},
				{
					"name": "down",
					"pivot": [0, 8, 0],
					"rotation": [0, 180, 90],
					"cubes": [
						{
							"origin": [-6, 6, -2],
							"size": [4, 4, 4],
							"uv": {
								"north": {"uv": [4, 9], "uv_size": [4, 4]},
								"east": {"uv": [0, 13], "uv_size": [4, 4]},
								"south": {"uv": [5, 9], "uv_size": [4, 4]},
								"west": {"uv": [10, 13], "uv_size": [4, 4]},
								"up": {"uv": [4, 9], "uv_size": [4, 4]},
								"down": {"uv": [4, 13], "uv_size": [4, -4]}
							}
						}
					]
				},
				{
					"name": "north_output",
					"pivot": [0, 0, 0],
					"rotation": [0, -90, 0],
					"cubes": [
						{
							"origin": [-8, 5, -3],
							"size": [2, 6, 6],
							"inflate": 0.001,
							"uv": {
								"north": {"uv": [27, 19], "uv_size": [2, 6]},
								"east": {"uv": [21, 19], "uv_size": [6, 6]},
								"south": {"uv": [27, 19], "uv_size": [2, 6]},
								"west": {"uv": [29, 19], "uv_size": [6, 6]},
								"up": {"uv": [27, 13], "uv_size": [1, 6]},
								"down": {"uv": [28, 19], "uv_size": [1, -6]}
							}
						}
					]
				},
				{
					"name": "south_output",
					"pivot": [0, 0, 0],
					"rotation": [0, 90, 0],
					"cubes": [
						{
							"origin": [-8, 5, -3],
							"size": [2, 6, 6],
							"inflate": 0.001,
							"uv": {
								"north": {"uv": [27, 19], "uv_size": [2, 6]},
								"east": {"uv": [21, 19], "uv_size": [6, 6]},
								"south": {"uv": [27, 19], "uv_size": [2, 6]},
								"west": {"uv": [29, 19], "uv_size": [6, 6]},
								"up": {"uv": [27, 13], "uv_size": [1, 6]},
								"down": {"uv": [28, 19], "uv_size": [1, -6]}
							}
						}
					]
				},
				{
					"name": "east_output",
					"pivot": [0, 0, 0],
					"cubes": [
						{
							"origin": [-8, 5, -3],
							"size": [2, 6, 6],
							"inflate": 0.001,
							"uv": {
								"north": {"uv": [27, 19], "uv_size": [2, 6]},
								"east": {"uv": [21, 19], "uv_size": [6, 6]},
								"south": {"uv": [27, 19], "uv_size": [2, 6]},
								"west": {"uv": [29, 19], "uv_size": [6, 6]},
								"up": {"uv": [27, 13], "uv_size": [1, 6]},
								"down": {"uv": [28, 19], "uv_size": [1, -6]}
							}
						}
					]
				},
				{
					"name": "west_output",
					"pivot": [0, 0, 0],
					"rotation": [0, 180, 0],
					"cubes": [
						{
							"origin": [-8, 5, -3],
							"size": [2, 6, 6],
							"inflate": 0.001,
							"uv": {
								"north": {"uv": [27, 19], "uv_size": [2, 6]},
								"east": {"uv": [21, 19], "uv_size": [6, 6]},
								"south": {"uv": [27, 19], "uv_size": [2, 6]},
								"west": {"uv": [29, 19], "uv_size": [6, 6]},
								"up": {"uv": [27, 13], "uv_size": [1, 6]},
								"down": {"uv": [28, 19], "uv_size": [1, -6]}
							}
						}
					]
				},
				{
					"name": "up_output",
					"pivot": [0, 8, 0],
					"rotation": [-90, 0, 90],
					"cubes": [
						{
							"origin": [-7.999, 5, -3],
							"size": [2, 6, 6],
							"inflate": 0.001,
							"pivot": [7, 7, 8],
							"rotation": [0, 0, 0],
							"uv": {
								"north": {"uv": [27, 19], "uv_size": [2, 6]},
								"east": {"uv": [21, 19], "uv_size": [6, 6]},
								"south": {"uv": [27, 19], "uv_size": [2, 6]},
								"west": {"uv": [29, 19], "uv_size": [6, 6]},
								"up": {"uv": [27, 13], "uv_size": [1, 6]},
								"down": {"uv": [28, 19], "uv_size": [1, -6]}
							}
						}
					]
				},
				{
					"name": "down_output",
					"pivot": [0, 8, 0],
					"rotation": [90, 0, -90],
					"cubes": [
						{
							"origin": [-8, 5, -3],
							"size": [2, 6, 6],
							"inflate": 0.001,
							"pivot": [0, 8, 0],
							"rotation": [0, 0, 0],
							"uv": {
								"north": {"uv": [27, 19], "uv_size": [2, 6]},
								"east": {"uv": [21, 19], "uv_size": [6, 6]},
								"south": {"uv": [27, 19], "uv_size": [2, 6]},
								"west": {"uv": [29, 19], "uv_size": [6, 6]},
								"up": {"uv": [27, 13], "uv_size": [1, 6]},
								"down": {"uv": [28, 19], "uv_size": [1, -6]}
							}
						}
					]
				},
				{
					"name": "north_input",
					"pivot": [0, 0, 0],
					"cubes": [
						{
							"origin": [-8, 6.5, -1.5],
							"size": [2, 3, 3],
							"pivot": [0, 0, 0],
							"rotation": [0, -90, 0],
							"uv": {
								"north": {"uv": [9, 13], "uv_size": [1, 4]},
								"east": {"uv": [0, 13], "uv_size": [4, 4]},
								"south": {"uv": [19, 13], "uv_size": [1, 4]},
								"west": {"uv": [10, 13], "uv_size": [4, 4]},
								"up": {"uv": [9, 9], "uv_size": [1, 4]},
								"down": {"uv": [15, 13], "uv_size": [1, -4]}
							}
						},
						{
							"origin": [-7, 5.5, -2.5],
							"size": [1, 5, 5],
							"inflate": 0.001,
							"pivot": [0, 8, 0],
							"rotation": [0, -90, 0],
							"uv": {
								"north": {"uv": [27, 19], "uv_size": [2, 6]},
								"east": {"uv": [21, 19], "uv_size": [6, 6]},
								"south": {"uv": [27, 19], "uv_size": [2, 6]},
								"west": {"uv": [29, 19], "uv_size": [6, 6]},
								"up": {"uv": [27, 13], "uv_size": [1, 6]},
								"down": {"uv": [28, 19], "uv_size": [1, -6]}
							}
						}
					]
				},
				{
					"name": "south_input",
					"pivot": [0, 8, 0],
					"rotation": [0, 180, 0],
					"cubes": [
						{
							"origin": [-7, 5.5, -2.5],
							"size": [1, 5, 5],
							"inflate": 0.001,
							"pivot": [0, 8, 0],
							"rotation": [0, -90, 0],
							"uv": {
								"north": {"uv": [27, 19], "uv_size": [2, 6]},
								"east": {"uv": [21, 19], "uv_size": [6, 6]},
								"south": {"uv": [27, 19], "uv_size": [2, 6]},
								"west": {"uv": [29, 19], "uv_size": [6, 6]},
								"up": {"uv": [27, 13], "uv_size": [1, 6]},
								"down": {"uv": [28, 19], "uv_size": [1, -6]}
							}
						},
						{
							"origin": [-8, 6.5, -1.5],
							"size": [2, 3, 3],
							"pivot": [0, 0, 0],
							"rotation": [0, -90, 0],
							"uv": {
								"north": {"uv": [9, 13], "uv_size": [1, 4]},
								"east": {"uv": [0, 13], "uv_size": [4, 4]},
								"south": {"uv": [19, 13], "uv_size": [1, 4]},
								"west": {"uv": [10, 13], "uv_size": [4, 4]},
								"up": {"uv": [9, 9], "uv_size": [1, 4]},
								"down": {"uv": [15, 13], "uv_size": [1, -4]}
							}
						}
					]
				},
				{
					"name": "east_input",
					"pivot": [0, 0, 0],
					"rotation": [0, 90, 0],
					"cubes": [
						{
							"origin": [-7, 5.5, -2.5],
							"size": [1, 5, 5],
							"inflate": 0.001,
							"pivot": [0, 8, 0],
							"rotation": [0, -90, 0],
							"uv": {
								"north": {"uv": [27, 19], "uv_size": [2, 6]},
								"east": {"uv": [21, 19], "uv_size": [6, 6]},
								"south": {"uv": [27, 19], "uv_size": [2, 6]},
								"west": {"uv": [29, 19], "uv_size": [6, 6]},
								"up": {"uv": [27, 13], "uv_size": [1, 6]},
								"down": {"uv": [28, 19], "uv_size": [1, -6]}
							}
						},
						{
							"origin": [-8, 6.5, -1.5],
							"size": [2, 3, 3],
							"pivot": [0, 0, 0],
							"rotation": [0, -90, 0],
							"uv": {
								"north": {"uv": [9, 13], "uv_size": [1, 4]},
								"east": {"uv": [0, 13], "uv_size": [4, 4]},
								"south": {"uv": [19, 13], "uv_size": [1, 4]},
								"west": {"uv": [10, 13], "uv_size": [4, 4]},
								"up": {"uv": [9, 9], "uv_size": [1, 4]},
								"down": {"uv": [15, 13], "uv_size": [1, -4]}
							}
						}
					]
				},
				{
					"name": "west_input",
					"pivot": [0, 0, 0],
					"rotation": [0, -90, 0],
					"cubes": [
						{
							"origin": [-7, 5.5, -2.5],
							"size": [1, 5, 5],
							"inflate": 0.001,
							"pivot": [0, 8, 0],
							"rotation": [0, -90, 0],
							"uv": {
								"north": {"uv": [27, 19], "uv_size": [2, 6]},
								"east": {"uv": [21, 19], "uv_size": [6, 6]},
								"south": {"uv": [27, 19], "uv_size": [2, 6]},
								"west": {"uv": [29, 19], "uv_size": [6, 6]},
								"up": {"uv": [27, 13], "uv_size": [1, 6]},
								"down": {"uv": [28, 19], "uv_size": [1, -6]}
							}
						},
						{
							"origin": [-8, 6.5, -1.5],
							"size": [2, 3, 3],
							"pivot": [0, 0, 0],
							"rotation": [0, -90, 0],
							"uv": {
								"north": {"uv": [9, 13], "uv_size": [1, 4]},
								"east": {"uv": [0, 13], "uv_size": [4, 4]},
								"south": {"uv": [19, 13], "uv_size": [1, 4]},
								"west": {"uv": [10, 13], "uv_size": [4, 4]},
								"up": {"uv": [9, 9], "uv_size": [1, 4]},
								"down": {"uv": [15, 13], "uv_size": [1, -4]}
							}
						}
					]
				},
				{
					"name": "up_input",
					"pivot": [0, 8, 0],
					"rotation": [-90, 0, 0],
					"cubes": [
						{
							"origin": [-6.999, 5.5, -2.5],
							"size": [1, 5, 5],
							"inflate": 0.001,
							"pivot": [0, 8, 0],
							"rotation": [0, -90, 0],
							"uv": {
								"north": {"uv": [27, 19], "uv_size": [2, 6]},
								"east": {"uv": [21, 19], "uv_size": [6, 6]},
								"south": {"uv": [27, 19], "uv_size": [2, 6]},
								"west": {"uv": [29, 19], "uv_size": [6, 6]},
								"up": {"uv": [27, 13], "uv_size": [1, 6]},
								"down": {"uv": [28, 19], "uv_size": [1, -6]}
							}
						},
						{
							"origin": [-8, 6.5, -1.5],
							"size": [2, 3, 3],
							"pivot": [0, 0, 0],
							"rotation": [0, -90, 0],
							"uv": {
								"north": {"uv": [9, 13], "uv_size": [1, 4]},
								"east": {"uv": [0, 13], "uv_size": [4, 4]},
								"south": {"uv": [19, 13], "uv_size": [1, 4]},
								"west": {"uv": [10, 13], "uv_size": [4, 4]},
								"up": {"uv": [9, 9], "uv_size": [1, 4]},
								"down": {"uv": [15, 13], "uv_size": [1, -4]}
							}
						}
					]
				},
				{
					"name": "down_input",
					"pivot": [0, 8, 0],
					"rotation": [90, 0, 0],
					"cubes": [
						{
							"origin": [-7, 5.5, -2.5],
							"size": [1, 5, 5],
							"inflate": 0.001,
							"pivot": [0, 8, 0],
							"rotation": [0, -90, 0],
							"uv": {
								"north": {"uv": [27, 19], "uv_size": [2, 6]},
								"east": {"uv": [21, 19], "uv_size": [6, 6]},
								"south": {"uv": [27, 19], "uv_size": [2, 6]},
								"west": {"uv": [29, 19], "uv_size": [6, 6]},
								"up": {"uv": [27, 13], "uv_size": [1, 6]},
								"down": {"uv": [28, 19], "uv_size": [1, -6]}
							}
						},
						{
							"origin": [-8, 6.5, -1.5],
							"size": [2, 3, 3],
							"pivot": [0, 0, 0],
							"rotation": [0, -90, 0],
							"uv": {
								"north": {"uv": [9, 13], "uv_size": [1, 4]},
								"east": {"uv": [0, 13], "uv_size": [4, 4]},
								"south": {"uv": [19, 13], "uv_size": [1, 4]},
								"west": {"uv": [10, 13], "uv_size": [4, 4]},
								"up": {"uv": [9, 9], "uv_size": [1, 4]},
								"down": {"uv": [15, 13], "uv_size": [1, -4]}
							}
						}
					]
				},
				{
					"name": "north_cable",
					"pivot": [0, 0, -1],
					"rotation": [0, -90, 0],
					"cubes": [
						{
							"origin": [-7, 6, -3],
							"size": [2, 4, 4],
							"uv": {
								"north": {"uv": [4, 13], "uv_size": [2, 4]},
								"east": {"uv": [0, 13], "uv_size": [4, 4]},
								"south": {"uv": [18, 13], "uv_size": [2, 4]},
								"west": {"uv": [10, 13], "uv_size": [4, 4]},
								"up": {"uv": [4, 9], "uv_size": [2, 4]},
								"down": {"uv": [10, 13], "uv_size": [2, -4]}
							}
						}
					]
				},
				{
					"name": "south_cable",
					"pivot": [0, 0, 0],
					"rotation": [0, 90, 0],
					"cubes": [
						{
							"origin": [-8, 6, -2],
							"size": [2, 4, 4],
							"uv": {
								"north": {"uv": [4, 13], "uv_size": [2, 4]},
								"east": {"uv": [0, 13], "uv_size": [4, 4]},
								"south": {"uv": [18, 13], "uv_size": [2, 4]},
								"west": {"uv": [10, 13], "uv_size": [4, 4]},
								"up": {"uv": [4, 9], "uv_size": [2, 4]},
								"down": {"uv": [10, 13], "uv_size": [2, -4]}
							}
						}
					]
				},
				{
					"name": "east_cable",
					"pivot": [-1, 0, 1],
					"cubes": [
						{
							"origin": [-8, 6, -2],
							"size": [2, 4, 4],
							"uv": {
								"north": {"uv": [4, 13], "uv_size": [2, 4]},
								"east": {"uv": [0, 13], "uv_size": [4, 4]},
								"south": {"uv": [18, 13], "uv_size": [2, 4]},
								"west": {"uv": [10, 13], "uv_size": [4, 4]},
								"up": {"uv": [4, 9], "uv_size": [2, 4]},
								"down": {"uv": [10, 13], "uv_size": [2, -4]}
							}
						}
					]
				},
				{
					"name": "west_cable",
					"pivot": [0, 0, 0],
					"rotation": [0, 180, 0],
					"cubes": [
						{
							"origin": [-8, 6, -2],
							"size": [2, 4, 4],
							"uv": {
								"north": {"uv": [4, 13], "uv_size": [2, 4]},
								"east": {"uv": [0, 13], "uv_size": [4, 4]},
								"south": {"uv": [18, 13], "uv_size": [2, 4]},
								"west": {"uv": [10, 13], "uv_size": [4, 4]},
								"up": {"uv": [4, 9], "uv_size": [2, 4]},
								"down": {"uv": [10, 13], "uv_size": [2, -4]}
							}
						}
					]
				},
				{
					"name": "up_cable",
					"pivot": [0, 8, 0],
					"rotation": [0, 0, -90],
					"cubes": [
						{
							"origin": [5.999, 6, -2],
							"size": [2, 4, 4],
							"uv": {
								"north": {"uv": [5, 9], "uv_size": [2, 4]},
								"east": {"uv": [0, 13], "uv_size": [4, 4]},
								"south": {"uv": [4, 9], "uv_size": [2, 4]},
								"west": {"uv": [10, 4], "uv_size": [4, 4]},
								"up": {"uv": [5, 9], "uv_size": [2, 4]},
								"down": {"uv": [5, 13], "uv_size": [2, -4]}
							}
						}
					]
				},
				{
					"name": "down_cable",
					"pivot": [0, 8, 0],
					"rotation": [0, 0, 90],
					"cubes": [
						{
							"origin": [5.999, 6, -2],
							"size": [2, 4, 4],
							"uv": {
								"north": {"uv": [5, 9], "uv_size": [2, 4]},
								"east": {"uv": [0, 13], "uv_size": [4, 4]},
								"south": {"uv": [4, 9], "uv_size": [2, 4]},
								"west": {"uv": [10, 4], "uv_size": [4, 4]},
								"up": {"uv": [5, 9], "uv_size": [2, 4]},
								"down": {"uv": [5, 13], "uv_size": [2, -4]}
							}
						}
					]
				}
			]
		}
	]
}