{
	"format_version": "1.12.0",
	"minecraft:geometry": [
		{
			"description": {
				"identifier": "geometry.powered_fisher",
				"texture_width": 64,
				"texture_height": 64,
				"visible_bounds_width": 2,
				"visible_bounds_height": 2.5,
				"visible_bounds_offset": [
					0,
					0.75,
					0
				]
			},
			"bones": [
				{
					"name": "bone",
					"pivot": [
						0,
						0,
						0
					],
					"cubes": [
						{
							"origin": [
								-8,
								0,
								-8
							],
							"size": [
								3,
								13,
								3
							],
							"uv": [
								12,
								27
							]
						},
						{
							"origin": [
								-1.5,
								3,
								-1.5
							],
							"size": [
								3,
								3,
								3
							],
							"uv": [
								33,
								32
							]
						},
						{
							"origin": [
								-3,
								11,
								-3
							],
							"size": [
								6,
								2,
								6
							],
							"uv": [
								0,
								19
							]
						},
						{
							"origin": [
								-0.5,
								0,
								-0.5
							],
							"size": [
								1,
								3,
								1
							],
							"uv": [
								12,
								6
							]
						},
						{
							"origin": [
								-0.5,
								6,
								-0.5
							],
							"size": [
								1,
								5,
								1
							],
							"uv": [
								12,
								0
							]
						},
						{
							"origin": [
								-0.5,
								0,
								0.5
							],
							"size": [
								1,
								1,
								1
							],
							"uv": [
								12,
								12
							]
						},
						{
							"origin": [
								-0.5,
								1,
								1.5
							],
							"size": [
								1,
								1,
								1
							],
							"uv": [
								12,
								10
							]
						},
						{
							"origin": [
								5,
								0,
								-8
							],
							"size": [
								3,
								13,
								3
							],
							"uv": [
								0,
								27
							]
						},
						{
							"origin": [
								-8,
								0,
								5
							],
							"size": [
								3,
								13,
								3
							],
							"uv": [
								0,
								0
							]
						},
						{
							"origin": [
								5,
								0,
								5
							],
							"size": [
								3,
								13,
								3
							],
							"uv": [
								24,
								19
							]
						},
						{
							"origin": [
								-8,
								13,
								-8
							],
							"size": [
								16,
								3,
								16
							],
							"uv": [
								0,
								0
							]
						}
					]
				}
			]
		}
	]
}