{
	"format_version": "1.12.0",
	"minecraft:geometry": [
		{
			"description": {
				"identifier": "geometry.quantum_miner",
				"texture_width": 64,
				"texture_height": 64,
				"visible_bounds_width": 2,
				"visible_bounds_height": 2.5,
				"visible_bounds_offset": [
					0,
					0.75,
					0
				]
			},
			"bones": [
				{
					"name": "bone",
					"pivot": [
						0,
						0,
						0
					],
					"cubes": [
						{
							"origin": [
								-3,
								12,
								-3
							],
							"size": [
								6,
								1,
								6
							],
							"uv": [
								24,
								19
							]
						},
						{
							"origin": [
								-8,
								0,
								-8
							],
							"size": [
								3,
								13,
								3
							],
							"uv": [
								0,
								31
							]
						},
						{
							"origin": [
								-1.5,
								5,
								-1.5
							],
							"size": [
								3,
								8,
								3
							],
							"inflate": -0.5,
							"uv": [
								36,
								26
							]
						},
						{
							"origin": [
								-3,
								0,
								-3
							],
							"size": [
								6,
								6,
								6
							],
							"uv": [
								0,
								19
							]
						},
						{
							"origin": [
								-8,
								0,
								5
							],
							"size": [
								3,
								13,
								3
							],
							"uv": [
								12,
								31
							]
						},
						{
							"origin": [
								5,
								0,
								-8
							],
							"size": [
								3,
								13,
								3
							],
							"uv": [
								24,
								26
							]
						},
						{
							"origin": [
								5,
								0,
								5
							],
							"size": [
								3,
								13,
								3
							],
							"uv": [
								0,
								0
							]
						},
						{
							"origin": [
								-8,
								13,
								-8
							],
							"size": [
								16,
								3,
								16
							],
							"uv": [
								0,
								0
							]
						}
					]
				}
			]
		}
	]
}