{
	"format_version": "1.12.0",
	"minecraft:geometry": [
		{
			"description": {
				"identifier": "geometry.reactor_vaporation_module",
				"texture_width": 64,
				"texture_height": 64,
				"visible_bounds_width": 2,
				"visible_bounds_height": 2.5,
				"visible_bounds_offset": [0, 0.75, 0]
			},
			"bones": [
				{
					"name": "bb_main",
					"pivot": [0, 0, 0],
					"cubes": [
						{
							"origin": [-8, 0, -8],
							"size": [16, 7, 16],
							"uv": {
								"north": {"uv": [16, 0], "uv_size": [16, 7]},
								"east": {"uv": [16, 7], "uv_size": [16, 7]},
								"south": {"uv": [16, 14], "uv_size": [16, 7]},
								"west": {"uv": [16, 21], "uv_size": [16, 7]},
								"up": {"uv": [0, 0], "uv_size": [16, 16]},
								"down": {"uv": [0, 32], "uv_size": [16, -16]}
							}
						},
						{
							"origin": [5, 7, 5],
							"size": [2, 2, 2],
							"uv": {
								"north": {"uv": [9, 32], "uv_size": [2, 2]},
								"east": {"uv": [11, 32], "uv_size": [2, 2]},
								"south": {"uv": [13, 32], "uv_size": [2, 2]},
								"west": {"uv": [32, 33], "uv_size": [2, 2]},
								"up": {"uv": [9, 34], "uv_size": [2, 2]},
								"down": {"uv": [11, 36], "uv_size": [2, -2]}
							}
						},
						{
							"origin": [-7, 7, 5],
							"size": [2, 2, 2],
							"uv": {
								"north": {"uv": [13, 34], "uv_size": [2, 2]},
								"east": {"uv": [18, 34], "uv_size": [2, 2]},
								"south": {"uv": [20, 34], "uv_size": [2, 2]},
								"west": {"uv": [22, 34], "uv_size": [2, 2]},
								"up": {"uv": [24, 34], "uv_size": [2, 2]},
								"down": {"uv": [26, 36], "uv_size": [2, -2]}
							}
						},
						{
							"origin": [-7, 7, -7],
							"size": [2, 2, 2],
							"uv": {
								"north": {"uv": [28, 34], "uv_size": [2, 2]},
								"east": {"uv": [30, 34], "uv_size": [2, 2]},
								"south": {"uv": [34, 30], "uv_size": [2, 2]},
								"west": {"uv": [34, 32], "uv_size": [2, 2]},
								"up": {"uv": [34, 34], "uv_size": [2, 2]},
								"down": {"uv": [32, 37], "uv_size": [2, -2]}
							}
						},
						{
							"origin": [5, 7, -7],
							"size": [2, 2, 2],
							"uv": {
								"north": {"uv": [9, 36], "uv_size": [2, 2]},
								"east": {"uv": [11, 36], "uv_size": [2, 2]},
								"south": {"uv": [13, 36], "uv_size": [2, 2]},
								"west": {"uv": [18, 36], "uv_size": [2, 2]},
								"up": {"uv": [20, 36], "uv_size": [2, 2]},
								"down": {"uv": [22, 38], "uv_size": [2, -2]}
							}
						},
						{
							"origin": [7, 9, -8],
							"size": [1, 1, 16],
							"uv": {
								"north": {"uv": [15, 32], "uv_size": [1, 1]},
								"east": {"uv": [16, 28], "uv_size": [16, 1]},
								"south": {"uv": [15, 33], "uv_size": [1, 1]},
								"west": {"uv": [16, 29], "uv_size": [16, 1]},
								"up": {"uv": [16, 30], "uv_size": [1, 16]},
								"down": {"uv": [17, 46], "uv_size": [1, -16]}
							}
						},
						{
							"origin": [-8, 9, -8],
							"size": [1, 1, 16],
							"uv": {
								"north": {"uv": [15, 34], "uv_size": [1, 1]},
								"east": {"uv": [18, 30], "uv_size": [16, 1]},
								"south": {"uv": [15, 35], "uv_size": [1, 1]},
								"west": {"uv": [18, 31], "uv_size": [16, 1]},
								"up": {"uv": [0, 32], "uv_size": [1, 16]},
								"down": {"uv": [32, 16], "uv_size": [1, -16]}
							}
						},
						{
							"origin": [-5, 8.9, -7.9],
							"size": [1, 1, 15.8],
							"uv": {
								"north": {"uv": [15, 36], "uv_size": [1, 1]},
								"east": {"uv": [32, 16], "uv_size": [16, 1]},
								"south": {"uv": [24, 36], "uv_size": [1, 1]},
								"west": {"uv": [32, 17], "uv_size": [16, 1]},
								"up": {"uv": [1, 32], "uv_size": [1, 16]},
								"down": {"uv": [2, 48], "uv_size": [1, -16]}
							}
						},
						{
							"origin": [-2, 8.9, -7.9],
							"size": [1, 1, 15.8],
							"uv": {
								"north": {"uv": [25, 36], "uv_size": [1, 1]},
								"east": {"uv": [18, 32], "uv_size": [16, 1]},
								"south": {"uv": [26, 36], "uv_size": [1, 1]},
								"west": {"uv": [32, 18], "uv_size": [16, 1]},
								"up": {"uv": [3, 32], "uv_size": [1, 16]},
								"down": {"uv": [4, 48], "uv_size": [1, -16]}
							}
						},
						{
							"origin": [1, 8.9, -7.9],
							"size": [1, 1, 15.8],
							"uv": {
								"north": {"uv": [27, 36], "uv_size": [1, 1]},
								"east": {"uv": [32, 19], "uv_size": [16, 1]},
								"south": {"uv": [28, 36], "uv_size": [1, 1]},
								"west": {"uv": [32, 20], "uv_size": [16, 1]},
								"up": {"uv": [5, 32], "uv_size": [1, 16]},
								"down": {"uv": [6, 48], "uv_size": [1, -16]}
							}
						},
						{
							"origin": [4, 8.9, -7.9],
							"size": [1, 1, 15.8],
							"uv": {
								"north": {"uv": [29, 36], "uv_size": [1, 1]},
								"east": {"uv": [32, 21], "uv_size": [16, 1]},
								"south": {"uv": [30, 36], "uv_size": [1, 1]},
								"west": {"uv": [32, 22], "uv_size": [16, 1]},
								"up": {"uv": [7, 32], "uv_size": [1, 16]},
								"down": {"uv": [8, 48], "uv_size": [1, -16]}
							}
						},
						{
							"origin": [-7, 9, 7],
							"size": [14, 1, 1],
							"uv": {
								"north": {"uv": [32, 23], "uv_size": [14, 1]},
								"east": {"uv": [36, 30], "uv_size": [1, 1]},
								"south": {"uv": [32, 24], "uv_size": [14, 1]},
								"west": {"uv": [31, 36], "uv_size": [1, 1]},
								"up": {"uv": [32, 25], "uv_size": [14, 1]},
								"down": {"uv": [32, 27], "uv_size": [14, -1]}
							}
						},
						{
							"origin": [-7, 9, 4],
							"size": [14, 1, 1],
							"uv": {
								"north": {"uv": [32, 27], "uv_size": [14, 1]},
								"east": {"uv": [36, 31], "uv_size": [1, 1]},
								"south": {"uv": [32, 28], "uv_size": [14, 1]},
								"west": {"uv": [36, 32], "uv_size": [1, 1]},
								"up": {"uv": [32, 29], "uv_size": [14, 1]},
								"down": {"uv": [33, 1], "uv_size": [14, -1]}
							}
						},
						{
							"origin": [-7, 9, 1],
							"size": [14, 1, 1],
							"uv": {
								"north": {"uv": [33, 1], "uv_size": [14, 1]},
								"east": {"uv": [36, 33], "uv_size": [1, 1]},
								"south": {"uv": [33, 2], "uv_size": [14, 1]},
								"west": {"uv": [34, 36], "uv_size": [1, 1]},
								"up": {"uv": [33, 3], "uv_size": [14, 1]},
								"down": {"uv": [33, 5], "uv_size": [14, -1]}
							}
						},
						{
							"origin": [-7, 9, -2],
							"size": [14, 1, 1],
							"uv": {
								"north": {"uv": [33, 5], "uv_size": [14, 1]},
								"east": {"uv": [36, 34], "uv_size": [1, 1]},
								"south": {"uv": [33, 6], "uv_size": [14, 1]},
								"west": {"uv": [35, 36], "uv_size": [1, 1]},
								"up": {"uv": [33, 7], "uv_size": [14, 1]},
								"down": {"uv": [33, 9], "uv_size": [14, -1]}
							}
						},
						{
							"origin": [-7, 9, -5],
							"size": [14, 1, 1],
							"uv": {
								"north": {"uv": [33, 9], "uv_size": [14, 1]},
								"east": {"uv": [36, 35], "uv_size": [1, 1]},
								"south": {"uv": [33, 10], "uv_size": [14, 1]},
								"west": {"uv": [36, 36], "uv_size": [1, 1]},
								"up": {"uv": [33, 11], "uv_size": [14, 1]},
								"down": {"uv": [33, 13], "uv_size": [14, -1]}
							}
						},
						{
							"origin": [-7, 9, -8],
							"size": [14, 1, 1],
							"uv": {
								"north": {"uv": [33, 13], "uv_size": [14, 1]},
								"east": {"uv": [15, 37], "uv_size": [1, 1]},
								"south": {"uv": [33, 14], "uv_size": [14, 1]},
								"west": {"uv": [24, 37], "uv_size": [1, 1]},
								"up": {"uv": [33, 15], "uv_size": [14, 1]},
								"down": {"uv": [18, 34], "uv_size": [14, -1]}
							}
						}
					]
				}
			]
		}
	]
}