{
	"format_version": "1.12.0",
	"minecraft:geometry": [
		{
			"description": {
				"identifier": "geometry.silicon_factory",
				"texture_width": 128,
				"texture_height": 128,
				"visible_bounds_width": 3,
				"visible_bounds_height": 2.5,
				"visible_bounds_offset": [
					0,
					0.75,
					0
				]
			},
			"bones": [
				{
					"name": "bone",
					"pivot": [
						0,
						0,
						0
					],
					"cubes": [
						{
							"origin": [
								-8,
								0.1,
								-8
							],
							"size": [
								16,
								0,
								16
							],
							"uv": [
								0,
								28
							]
						},
						{
							"origin": [
								-8,
								11.9,
								-8
							],
							"size": [
								16,
								0,
								16
							],
							"uv": [
								60,
								32
							]
						},
						{
							"origin": [
								-2,
								0,
								-8
							],
							"size": [
								0,
								12,
								16
							],
							"uv": [
								60,
								16
							]
						},
						{
							"origin": [
								2,
								0,
								-8
							],
							"size": [
								0,
								12,
								16
							],
							"uv": [
								52,
								40
							]
						},
						{
							"origin": [
								-8,
								0,
								-8
							],
							"size": [
								16,
								12,
								16
							],
							"uv": [
								0,
								0
							]
						},
						{
							"origin": [
								-4,
								12,
								-8
							],
							"size": [
								8,
								4,
								16
							],
							"uv": [
								60,
								12
							]
						}
					]
				},
				{
					"name": "lava",
					"pivot": [
						0,
						0,
						0
					],
					"cubes": [
						{
							"origin": [
								-8,
								0,
								-8
							],
							"size": [
								6,
								12,
								16
							],
							"inflate": -0.1,
							"uv": [
								0,
								44
							]
						}
					]
				},
				{
					"name": "water",
					"pivot": [
						18,
						0,
						0
					],
					"cubes": [
						{
							"origin": [
								2,
								0,
								-8
							],
							"size": [
								6,
								12,
								16
							],
							"inflate": -0.1,
							"uv": [
								32,
								28
							]
						}
					]
				},
				{
					"name": "carbon",
					"pivot": [
						-2,
						0,
						0
					],
					"cubes": [
						{
							"origin": [
								-2,
								0,
								-8
							],
							"size": [
								4,
								12,
								16
							],
							"inflate": -0.1,
							"uv": [
								28,
								56
							]
						}
					]
				}
			]
		}
	]
}