{
	"format_version": "1.12.0",
	"minecraft:geometry": [
		{
			"description": {
				"identifier": "geometry.solar_panel",
				"texture_width": 64,
				"texture_height": 64,
				"visible_bounds_width": 3,
				"visible_bounds_height": 1.5,
				"visible_bounds_offset": [
					0,
					0.25,
					0
				]
			},
			"bones": [
				{
					"name": "bone",
					"pivot": [
						0,
						0,
						0
					],
					"rotation": [
						0,
						90,
						0
					],
					"cubes": [
						{
							"origin": [
								4,
								0,
								-7
							],
							"size": [
								3,
								5,
								14
							],
							"uv": [
								24,
								18
							]
						},
						{
							"origin": [
								-6,
								0,
								-7
							],
							"size": [
								3,
								2,
								14
							],
							"uv": [
								22,
								0
							]
						},
						{
							"origin": [
								-5.25,
								-6.85,
								-8
							],
							"size": [
								3,
								16,
								16
							],
							"pivot": [
								0,
								0,
								0
							],
							"rotation": [
								0,
								0,
								72.5
							],
							"uv": [
								0,
								0
							]
						}
					]
				}
			]
		}
	]
}