{
	"format_version": "1.12.0",
	"minecraft:geometry": [
		{
			"description": {
				"identifier": "geometry.tank",
				"texture_width": 256,
				"texture_height": 256,
				"visible_bounds_width": 2,
				"visible_bounds_height": 2.5,
				"visible_bounds_offset": [
					0,
					0.75,
					0
				]
			},
			"bones": [
				{
					"name": "bone",
					"pivot": [
						0,
						0,
						0
					],
					"cubes": [
						{
							"origin": [
								-2,
								-1.7,
								-2
							],
							"size": [
								4,
								1,
								4
							],
							"inflate": -0.1,
							"uv": [
								0,
								0
							]
						},
						{
							"origin": [
								-3,
								-0.9,
								-3
							],
							"size": [
								6,
								1,
								6
							],
							"inflate": -0.1,
							"uv": [
								84,
								48
							]
						},
						{
							"origin": [
								-8,
								0,
								-8
							],
							"size": [
								16,
								3,
								16
							],
							"uv": [
								0,
								19
							]
						},
						{
							"origin": [
								-7,
								3,
								-7
							],
							"size": [
								14,
								10,
								14
							],
							"uv": [
								42,
								48
							]
						},
						{
							"origin": [
								-8,
								13,
								-8
							],
							"size": [
								16,
								3,
								16
							],
							"uv": [
								0,
								0
							]
						},
						{
							"origin": [
								-3,
								15.9,
								-3
							],
							"size": [
								6,
								1,
								6
							],
							"inflate": -0.1,
							"uv": [
								92,
								31
							]
						},
						{
							"origin": [
								-2,
								16.7,
								-2
							],
							"size": [
								4,
								1,
								4
							],
							"inflate": -0.1,
							"uv": [
								0,
								5
							]
						}
					]
				},
				{
					"name": "fill1",
					"pivot": [
						0,
						0,
						0
					],
					"cubes": [
						{
							"origin": [
								-7,
								3,
								-7
							],
							"size": [
								14,
								1,
								14
							],
							"inflate": -0.1,
							"uv": [
								92,
								16
							]
						}
					]
				},
				{
					"name": "fill2",
					"pivot": [
						0,
						1,
						0
					],
					"cubes": [
						{
							"origin": [
								-7,
								3,
								-7
							],
							"size": [
								14,
								2,
								14
							],
							"inflate": -0.1,
							"uv": [
								92,
								0
							]
						}
					]
				},
				{
					"name": "fill3",
					"pivot": [
						0,
						1,
						0
					],
					"cubes": [
						{
							"origin": [
								-7,
								3,
								-7
							],
							"size": [
								14,
								3,
								14
							],
							"inflate": -0.1,
							"uv": [
								84,
								79
							]
						}
					]
				},
				{
					"name": "fill4",
					"pivot": [
						0,
						1,
						0
					],
					"cubes": [
						{
							"origin": [
								-7,
								3,
								-7
							],
							"size": [
								14,
								4,
								14
							],
							"inflate": -0.1,
							"uv": [
								84,
								58
							]
						}
					]
				},
				{
					"name": "fill5",
					"pivot": [
						0,
						1,
						0
					],
					"cubes": [
						{
							"origin": [
								-7,
								3,
								-7
							],
							"size": [
								14,
								5,
								14
							],
							"inflate": -0.1,
							"uv": [
								0,
								84
							]
						}
					]
				},
				{
					"name": "fill6",
					"pivot": [
						0,
						1,
						0
					],
					"cubes": [
						{
							"origin": [
								-7,
								3,
								-7
							],
							"size": [
								14,
								6,
								14
							],
							"inflate": -0.1,
							"uv": [
								50,
								28
							]
						}
					]
				},
				{
					"name": "fill7",
					"pivot": [
						0,
						1,
						0
					],
					"cubes": [
						{
							"origin": [
								-7,
								3,
								-7
							],
							"size": [
								14,
								7,
								14
							],
							"inflate": -0.1,
							"uv": [
								42,
								72
							]
						}
					]
				},
				{
					"name": "fill8",
					"pivot": [
						0,
						1,
						0
					],
					"cubes": [
						{
							"origin": [
								-7,
								3,
								-7
							],
							"size": [
								14,
								8,
								14
							],
							"inflate": -0.1,
							"uv": [
								0,
								62
							]
						}
					]
				},
				{
					"name": "fill9",
					"pivot": [
						0,
						1,
						0
					],
					"cubes": [
						{
							"origin": [
								-7,
								3,
								-7
							],
							"size": [
								14,
								9,
								14
							],
							"inflate": -0.1,
							"uv": [
								50,
								5
							]
						}
					]
				},
				{
					"name": "fill10",
					"pivot": [
						0,
						1,
						0
					],
					"cubes": [
						{
							"origin": [
								-7,
								3,
								-7
							],
							"size": [
								14,
								10,
								14
							],
							"inflate": -0.1,
							"uv": [
								0,
								38
							]
						}
					]
				}
			]
		}
	]
}