{
	"format_version": "1.20.50",
	"minecraft:block": {
		"description": {
			"identifier": "vatonage:advanced_solar_panel",
            "menu_category": {
                "category": "items",
                "group": "itemGroup.name.basic",
                "is_hidden_in_commands": false
            },
            "traits": {
                "minecraft:placement_direction":{
                    "enabled_states": ["minecraft:cardinal_direction"]
                }
			}
		},
		"components": {
			"tag:vatonageblock": {},
			"minecraft:material_instances": {
				"*": {
					"texture": "advanced_solar_panel",
					"render_method": "alpha_test"
				}
			},
			"minecraft:selection_box": {
				"origin": [-8,0,-8],
				"size": [16,16,16]
			},
			"minecraft:collision_box": {
				"origin": [-8,0,-8],
				"size": [16,16,16]
			},
			"minecraft:geometry": "geometry.advanced_solar_panel",
			"minecraft:destructible_by_mining": {
			  "seconds_to_destroy": 1
			},
			"tag:rf_output": {},
			"minecraft:light_dampening": 0
		},
		"events": {
		},
		"permutations": [
			{
				"condition": "query.block_state('minecraft:cardinal_direction') == 'north'",
				"components": {
					"minecraft:transformation": {
					  "rotation": [0, 0, 0]
					}
				}
			},
			{
				"condition": "query.block_state('minecraft:cardinal_direction') == 'south'",
				"components": {
					"minecraft:transformation": {
					  "rotation": [0, 180, 0]
					}
				}
			},
			{
				"condition": "query.block_state('minecraft:cardinal_direction') == 'west'",
				"components": {
					"minecraft:transformation": {
					  "rotation": [0, 90, 0]
					}
				}
			},
			{
				"condition": "query.block_state('minecraft:cardinal_direction') == 'east'",
				"components": {
					"minecraft:transformation": {
					  "rotation": [0, 270, 0]
					}
				}
			}
		]
	}
}